ISO-10303-21;
HEADER;
/* Generated by software containing ST-Developer
 * from STEP Tools, Inc. (www.steptools.com) 
 */
/* OPTION: using custom renumber hook */

FILE_DESCRIPTION(
/* description */ ('STEP AP242 Edition 2',
'CAx-IF Rec.Pracs.---Representation and Presentation of Product Manufa
cturing Information (PMI)---4.0---2014-10-13',
'CAx-IF Rec.Pracs.---3D Tessellated Geometry---0.4---2014-09-14','2;1',
'CAx-IF Rec.Pracs.---User Defined Attributes---1.5---2016-08-15'),
/* implementation_level */ '2;1');

FILE_NAME(
/* name */ 'Master',
/* time_stamp */ '2026-10-05T20:46:08Z',
/* author */ (''),
/* organization */ (''),
/* preprocessor_version */ 'ST-DEVELOPER v20',
/* originating_system */ 'ONSHAPE BY PTC INC, 1.221',
/* authorisation */ '  ');

FILE_SCHEMA (('AP242_MANAGED_MODEL_BASED_3D_ENGINEERING_MIM_LF { 1 0 10303 442 3 1 4 }'));
ENDSEC;

DATA;
#10=SHAPE_REPRESENTATION_RELATIONSHIP('','',#1744,#14);
#11=SHAPE_REPRESENTATION_RELATIONSHIP('','',#1745,#15);
#12=SHAPE_REPRESENTATION_RELATIONSHIP('','',#1746,#16);
#13=SHAPE_REPRESENTATION_RELATIONSHIP('','',#1747,#17);
#14=ADVANCED_BREP_SHAPE_REPRESENTATION('',(#1736),#2944);
#15=ADVANCED_BREP_SHAPE_REPRESENTATION('',(#1737),#2945);
#16=ADVANCED_BREP_SHAPE_REPRESENTATION('',(#1738),#2946);
#17=ADVANCED_BREP_SHAPE_REPRESENTATION('',(#1739),#2947);
#18=CIRCLE('',#1751,0.01);
#19=CIRCLE('',#1752,0.01);
#20=CIRCLE('',#1755,0.01);
#21=CIRCLE('',#1756,0.01);
#22=CIRCLE('',#1759,0.01);
#23=CIRCLE('',#1760,0.01);
#24=CIRCLE('',#1763,0.0015);
#25=CIRCLE('',#1764,0.0015);
#26=CIRCLE('',#1766,0.01);
#27=CIRCLE('',#1767,0.01);
#28=CIRCLE('',#1769,0.0015);
#29=CIRCLE('',#1770,0.0015);
#30=CIRCLE('',#1782,0.005);
#31=CIRCLE('',#1783,0.005);
#32=CIRCLE('',#1785,0.0015);
#33=CIRCLE('',#1786,0.0015);
#34=CIRCLE('',#1788,0.0015);
#35=CIRCLE('',#1789,0.0015);
#36=CIRCLE('',#1791,0.0015);
#37=CIRCLE('',#1792,0.0015);
#38=CIRCLE('',#1794,0.0015);
#39=CIRCLE('',#1795,0.0015);
#40=CIRCLE('',#1797,0.0015);
#41=CIRCLE('',#1798,0.0015);
#42=CIRCLE('',#1800,0.0015);
#43=CIRCLE('',#1801,0.0015);
#44=CIRCLE('',#1804,0.005);
#45=CIRCLE('',#1805,0.005);
#46=CIRCLE('',#1806,0.005);
#47=CIRCLE('',#1807,0.005);
#48=CIRCLE('',#1808,0.005);
#49=CIRCLE('',#1809,0.005);
#50=CIRCLE('',#1810,0.005);
#51=CIRCLE('',#1811,0.005);
#52=CIRCLE('',#1813,0.005);
#53=CIRCLE('',#1814,0.005);
#54=CIRCLE('',#1815,0.005);
#55=CIRCLE('',#1816,0.005);
#56=CIRCLE('',#1817,0.005);
#57=CIRCLE('',#1818,0.005);
#58=CIRCLE('',#1819,0.005);
#59=CIRCLE('',#1820,0.005);
#60=CIRCLE('',#1834,0.0075);
#61=CIRCLE('',#1835,0.0075);
#62=CIRCLE('',#1837,0.0075);
#63=CIRCLE('',#1838,0.0075);
#64=CIRCLE('',#1840,0.0075);
#65=CIRCLE('',#1841,0.005);
#66=CIRCLE('',#1842,0.0075);
#67=CIRCLE('',#1843,0.005);
#68=CIRCLE('',#1844,0.01);
#69=CIRCLE('',#1845,0.01);
#70=CIRCLE('',#1846,0.01);
#71=CIRCLE('',#1847,0.01);
#72=CIRCLE('',#1848,0.0015);
#73=CIRCLE('',#1849,0.0015);
#74=CIRCLE('',#1851,0.005);
#75=CIRCLE('',#1852,0.01);
#76=CIRCLE('',#1853,0.01);
#77=CIRCLE('',#1854,0.005);
#78=CIRCLE('',#1860,0.007);
#79=CIRCLE('',#1862,0.01);
#80=CIRCLE('',#1865,0.01);
#81=CIRCLE('',#1868,0.005);
#82=CIRCLE('',#1869,0.005);
#83=CIRCLE('',#1873,0.0025);
#84=CIRCLE('',#1874,0.0075);
#85=CIRCLE('',#1875,0.0025);
#86=CIRCLE('',#1878,0.007);
#87=CIRCLE('',#1880,0.0075);
#88=CIRCLE('',#1883,0.0025);
#89=CIRCLE('',#1884,0.0025);
#90=CIRCLE('',#1889,0.005);
#91=CIRCLE('',#1892,0.0015);
#92=CIRCLE('',#1897,0.005);
#93=CIRCLE('',#1900,0.0015);
#94=CIRCLE('',#1905,0.01);
#95=CIRCLE('',#1906,0.01);
#96=CIRCLE('',#1909,0.01);
#97=CIRCLE('',#1910,0.01);
#98=CIRCLE('',#1913,0.01);
#99=CIRCLE('',#1914,0.01);
#100=CIRCLE('',#1917,0.005);
#101=CIRCLE('',#1918,0.005);
#102=CIRCLE('',#1920,0.0015);
#103=CIRCLE('',#1921,0.0015);
#104=CIRCLE('',#1923,0.0015);
#105=CIRCLE('',#1924,0.0015);
#106=CIRCLE('',#1926,0.0015);
#107=CIRCLE('',#1927,0.0015);
#108=CIRCLE('',#1929,0.0015);
#109=CIRCLE('',#1930,0.0015);
#110=CIRCLE('',#1932,0.0015);
#111=CIRCLE('',#1933,0.0015);
#112=CIRCLE('',#1935,0.01);
#113=CIRCLE('',#1936,0.01);
#114=CYLINDRICAL_SURFACE('',#1750,0.01);
#115=CYLINDRICAL_SURFACE('',#1754,0.01);
#116=CYLINDRICAL_SURFACE('',#1758,0.01);
#117=CYLINDRICAL_SURFACE('',#1762,0.0015);
#118=CYLINDRICAL_SURFACE('',#1765,0.01);
#119=CYLINDRICAL_SURFACE('',#1768,0.0015);
#120=CYLINDRICAL_SURFACE('',#1781,0.005);
#121=CYLINDRICAL_SURFACE('',#1784,0.0015);
#122=CYLINDRICAL_SURFACE('',#1787,0.0015);
#123=CYLINDRICAL_SURFACE('',#1790,0.0015);
#124=CYLINDRICAL_SURFACE('',#1793,0.0015);
#125=CYLINDRICAL_SURFACE('',#1796,0.0015);
#126=CYLINDRICAL_SURFACE('',#1799,0.0015);
#127=CYLINDRICAL_SURFACE('',#1821,0.005);
#128=CYLINDRICAL_SURFACE('',#1822,0.005);
#129=CYLINDRICAL_SURFACE('',#1823,0.005);
#130=CYLINDRICAL_SURFACE('',#1824,0.005);
#131=CYLINDRICAL_SURFACE('',#1825,0.005);
#132=CYLINDRICAL_SURFACE('',#1826,0.005);
#133=CYLINDRICAL_SURFACE('',#1827,0.005);
#134=CYLINDRICAL_SURFACE('',#1828,0.005);
#135=CYLINDRICAL_SURFACE('',#1833,0.0075);
#136=CYLINDRICAL_SURFACE('',#1836,0.0075);
#137=CYLINDRICAL_SURFACE('',#1856,0.01);
#138=CYLINDRICAL_SURFACE('',#1858,0.01);
#139=CYLINDRICAL_SURFACE('',#1861,0.01);
#140=CYLINDRICAL_SURFACE('',#1864,0.01);
#141=CYLINDRICAL_SURFACE('',#1870,0.005);
#142=CYLINDRICAL_SURFACE('',#1871,0.005);
#143=CYLINDRICAL_SURFACE('',#1876,0.0075);
#144=CYLINDRICAL_SURFACE('',#1879,0.0075);
#145=CYLINDRICAL_SURFACE('',#1885,0.0025);
#146=CYLINDRICAL_SURFACE('',#1886,0.0025);
#147=CYLINDRICAL_SURFACE('',#1887,0.007);
#148=CYLINDRICAL_SURFACE('',#1888,0.005);
#149=CYLINDRICAL_SURFACE('',#1891,0.0015);
#150=CYLINDRICAL_SURFACE('',#1896,0.005);
#151=CYLINDRICAL_SURFACE('',#1899,0.0015);
#152=CYLINDRICAL_SURFACE('',#1904,0.01);
#153=CYLINDRICAL_SURFACE('',#1908,0.01);
#154=CYLINDRICAL_SURFACE('',#1912,0.01);
#155=CYLINDRICAL_SURFACE('',#1916,0.005);
#156=CYLINDRICAL_SURFACE('',#1919,0.0015);
#157=CYLINDRICAL_SURFACE('',#1922,0.0015);
#158=CYLINDRICAL_SURFACE('',#1925,0.0015);
#159=CYLINDRICAL_SURFACE('',#1928,0.0015);
#160=CYLINDRICAL_SURFACE('',#1931,0.0015);
#161=CYLINDRICAL_SURFACE('',#1934,0.01);
#162=ORIENTED_EDGE('',*,*,#618,.F.);
#163=ORIENTED_EDGE('',*,*,#619,.F.);
#164=ORIENTED_EDGE('',*,*,#620,.T.);
#165=ORIENTED_EDGE('',*,*,#621,.T.);
#166=ORIENTED_EDGE('',*,*,#622,.T.);
#167=ORIENTED_EDGE('',*,*,#623,.F.);
#168=ORIENTED_EDGE('',*,*,#624,.F.);
#169=ORIENTED_EDGE('',*,*,#619,.T.);
#170=ORIENTED_EDGE('',*,*,#625,.T.);
#171=ORIENTED_EDGE('',*,*,#626,.F.);
#172=ORIENTED_EDGE('',*,*,#627,.F.);
#173=ORIENTED_EDGE('',*,*,#623,.T.);
#174=ORIENTED_EDGE('',*,*,#628,.T.);
#175=ORIENTED_EDGE('',*,*,#629,.F.);
#176=ORIENTED_EDGE('',*,*,#630,.F.);
#177=ORIENTED_EDGE('',*,*,#626,.T.);
#178=ORIENTED_EDGE('',*,*,#631,.T.);
#179=ORIENTED_EDGE('',*,*,#632,.F.);
#180=ORIENTED_EDGE('',*,*,#633,.F.);
#181=ORIENTED_EDGE('',*,*,#629,.T.);
#182=ORIENTED_EDGE('',*,*,#634,.T.);
#183=ORIENTED_EDGE('',*,*,#635,.F.);
#184=ORIENTED_EDGE('',*,*,#636,.F.);
#185=ORIENTED_EDGE('',*,*,#632,.T.);
#186=ORIENTED_EDGE('',*,*,#637,.F.);
#187=ORIENTED_EDGE('',*,*,#638,.F.);
#188=ORIENTED_EDGE('',*,*,#639,.T.);
#189=ORIENTED_EDGE('',*,*,#635,.T.);
#190=ORIENTED_EDGE('',*,*,#640,.T.);
#191=ORIENTED_EDGE('',*,*,#641,.F.);
#192=ORIENTED_EDGE('',*,*,#642,.T.);
#193=ORIENTED_EDGE('',*,*,#621,.F.);
#194=ORIENTED_EDGE('',*,*,#643,.F.);
#195=ORIENTED_EDGE('',*,*,#638,.T.);
#196=ORIENTED_EDGE('',*,*,#644,.T.);
#197=ORIENTED_EDGE('',*,*,#645,.F.);
#198=ORIENTED_EDGE('',*,*,#620,.F.);
#199=ORIENTED_EDGE('',*,*,#624,.T.);
#200=ORIENTED_EDGE('',*,*,#627,.T.);
#201=ORIENTED_EDGE('',*,*,#630,.T.);
#202=ORIENTED_EDGE('',*,*,#633,.T.);
#203=ORIENTED_EDGE('',*,*,#636,.T.);
#204=ORIENTED_EDGE('',*,*,#639,.F.);
#205=ORIENTED_EDGE('',*,*,#643,.T.);
#206=ORIENTED_EDGE('',*,*,#640,.F.);
#207=ORIENTED_EDGE('',*,*,#644,.F.);
#208=ORIENTED_EDGE('',*,*,#618,.T.);
#209=ORIENTED_EDGE('',*,*,#642,.F.);
#210=ORIENTED_EDGE('',*,*,#637,.T.);
#211=ORIENTED_EDGE('',*,*,#634,.F.);
#212=ORIENTED_EDGE('',*,*,#631,.F.);
#213=ORIENTED_EDGE('',*,*,#628,.F.);
#214=ORIENTED_EDGE('',*,*,#625,.F.);
#215=ORIENTED_EDGE('',*,*,#622,.F.);
#216=ORIENTED_EDGE('',*,*,#641,.T.);
#217=ORIENTED_EDGE('',*,*,#645,.T.);
#218=ORIENTED_EDGE('',*,*,#646,.F.);
#219=ORIENTED_EDGE('',*,*,#647,.T.);
#220=ORIENTED_EDGE('',*,*,#648,.T.);
#221=ORIENTED_EDGE('',*,*,#649,.T.);
#222=ORIENTED_EDGE('',*,*,#650,.T.);
#223=ORIENTED_EDGE('',*,*,#651,.T.);
#224=ORIENTED_EDGE('',*,*,#652,.F.);
#225=ORIENTED_EDGE('',*,*,#653,.T.);
#226=ORIENTED_EDGE('',*,*,#654,.T.);
#227=ORIENTED_EDGE('',*,*,#655,.T.);
#228=ORIENTED_EDGE('',*,*,#656,.F.);
#229=ORIENTED_EDGE('',*,*,#657,.T.);
#230=ORIENTED_EDGE('',*,*,#658,.T.);
#231=ORIENTED_EDGE('',*,*,#659,.T.);
#232=ORIENTED_EDGE('',*,*,#660,.F.);
#233=ORIENTED_EDGE('',*,*,#661,.T.);
#234=ORIENTED_EDGE('',*,*,#662,.F.);
#235=ORIENTED_EDGE('',*,*,#663,.T.);
#236=ORIENTED_EDGE('',*,*,#664,.T.);
#237=ORIENTED_EDGE('',*,*,#665,.T.);
#238=ORIENTED_EDGE('',*,*,#666,.T.);
#239=ORIENTED_EDGE('',*,*,#667,.T.);
#240=ORIENTED_EDGE('',*,*,#668,.F.);
#241=ORIENTED_EDGE('',*,*,#669,.T.);
#242=ORIENTED_EDGE('',*,*,#670,.T.);
#243=ORIENTED_EDGE('',*,*,#671,.T.);
#244=ORIENTED_EDGE('',*,*,#672,.F.);
#245=ORIENTED_EDGE('',*,*,#673,.T.);
#246=ORIENTED_EDGE('',*,*,#674,.T.);
#247=ORIENTED_EDGE('',*,*,#675,.F.);
#248=ORIENTED_EDGE('',*,*,#676,.T.);
#249=ORIENTED_EDGE('',*,*,#677,.F.);
#250=ORIENTED_EDGE('',*,*,#678,.T.);
#251=ORIENTED_EDGE('',*,*,#679,.F.);
#252=ORIENTED_EDGE('',*,*,#680,.T.);
#253=ORIENTED_EDGE('',*,*,#681,.F.);
#254=ORIENTED_EDGE('',*,*,#682,.T.);
#255=ORIENTED_EDGE('',*,*,#683,.F.);
#256=ORIENTED_EDGE('',*,*,#684,.T.);
#257=ORIENTED_EDGE('',*,*,#685,.F.);
#258=ORIENTED_EDGE('',*,*,#686,.T.);
#259=ORIENTED_EDGE('',*,*,#687,.F.);
#260=ORIENTED_EDGE('',*,*,#688,.T.);
#261=ORIENTED_EDGE('',*,*,#689,.T.);
#262=ORIENTED_EDGE('',*,*,#690,.F.);
#263=ORIENTED_EDGE('',*,*,#691,.T.);
#264=ORIENTED_EDGE('',*,*,#686,.F.);
#265=ORIENTED_EDGE('',*,*,#684,.F.);
#266=ORIENTED_EDGE('',*,*,#682,.F.);
#267=ORIENTED_EDGE('',*,*,#680,.F.);
#268=ORIENTED_EDGE('',*,*,#678,.F.);
#269=ORIENTED_EDGE('',*,*,#676,.F.);
#270=ORIENTED_EDGE('',*,*,#674,.F.);
#271=ORIENTED_EDGE('',*,*,#664,.F.);
#272=ORIENTED_EDGE('',*,*,#692,.T.);
#273=ORIENTED_EDGE('',*,*,#666,.F.);
#274=ORIENTED_EDGE('',*,*,#693,.T.);
#275=ORIENTED_EDGE('',*,*,#670,.F.);
#276=ORIENTED_EDGE('',*,*,#694,.T.);
#277=ORIENTED_EDGE('',*,*,#688,.F.);
#278=ORIENTED_EDGE('',*,*,#695,.T.);
#279=ORIENTED_EDGE('',*,*,#648,.F.);
#280=ORIENTED_EDGE('',*,*,#696,.T.);
#281=ORIENTED_EDGE('',*,*,#652,.T.);
#282=ORIENTED_EDGE('',*,*,#697,.T.);
#283=ORIENTED_EDGE('',*,*,#656,.T.);
#284=ORIENTED_EDGE('',*,*,#698,.T.);
#285=ORIENTED_EDGE('',*,*,#660,.T.);
#286=ORIENTED_EDGE('',*,*,#699,.T.);
#287=ORIENTED_EDGE('',*,*,#687,.T.);
#288=ORIENTED_EDGE('',*,*,#685,.T.);
#289=ORIENTED_EDGE('',*,*,#683,.T.);
#290=ORIENTED_EDGE('',*,*,#681,.T.);
#291=ORIENTED_EDGE('',*,*,#679,.T.);
#292=ORIENTED_EDGE('',*,*,#677,.T.);
#293=ORIENTED_EDGE('',*,*,#675,.T.);
#294=ORIENTED_EDGE('',*,*,#668,.T.);
#295=ORIENTED_EDGE('',*,*,#700,.T.);
#296=ORIENTED_EDGE('',*,*,#662,.T.);
#297=ORIENTED_EDGE('',*,*,#701,.T.);
#298=ORIENTED_EDGE('',*,*,#658,.F.);
#299=ORIENTED_EDGE('',*,*,#702,.T.);
#300=ORIENTED_EDGE('',*,*,#654,.F.);
#301=ORIENTED_EDGE('',*,*,#703,.T.);
#302=ORIENTED_EDGE('',*,*,#650,.F.);
#303=ORIENTED_EDGE('',*,*,#704,.T.);
#304=ORIENTED_EDGE('',*,*,#646,.T.);
#305=ORIENTED_EDGE('',*,*,#705,.T.);
#306=ORIENTED_EDGE('',*,*,#690,.T.);
#307=ORIENTED_EDGE('',*,*,#706,.T.);
#308=ORIENTED_EDGE('',*,*,#672,.T.);
#309=ORIENTED_EDGE('',*,*,#707,.T.);
#310=ORIENTED_EDGE('',*,*,#692,.F.);
#311=ORIENTED_EDGE('',*,*,#663,.F.);
#312=ORIENTED_EDGE('',*,*,#700,.F.);
#313=ORIENTED_EDGE('',*,*,#667,.F.);
#314=ORIENTED_EDGE('',*,*,#699,.F.);
#315=ORIENTED_EDGE('',*,*,#659,.F.);
#316=ORIENTED_EDGE('',*,*,#701,.F.);
#317=ORIENTED_EDGE('',*,*,#665,.F.);
#318=ORIENTED_EDGE('',*,*,#698,.F.);
#319=ORIENTED_EDGE('',*,*,#655,.F.);
#320=ORIENTED_EDGE('',*,*,#702,.F.);
#321=ORIENTED_EDGE('',*,*,#661,.F.);
#322=ORIENTED_EDGE('',*,*,#693,.F.);
#323=ORIENTED_EDGE('',*,*,#669,.F.);
#324=ORIENTED_EDGE('',*,*,#707,.F.);
#325=ORIENTED_EDGE('',*,*,#671,.F.);
#326=ORIENTED_EDGE('',*,*,#694,.F.);
#327=ORIENTED_EDGE('',*,*,#673,.F.);
#328=ORIENTED_EDGE('',*,*,#706,.F.);
#329=ORIENTED_EDGE('',*,*,#689,.F.);
#330=ORIENTED_EDGE('',*,*,#697,.F.);
#331=ORIENTED_EDGE('',*,*,#651,.F.);
#332=ORIENTED_EDGE('',*,*,#703,.F.);
#333=ORIENTED_EDGE('',*,*,#657,.F.);
#334=ORIENTED_EDGE('',*,*,#696,.F.);
#335=ORIENTED_EDGE('',*,*,#647,.F.);
#336=ORIENTED_EDGE('',*,*,#704,.F.);
#337=ORIENTED_EDGE('',*,*,#653,.F.);
#338=ORIENTED_EDGE('',*,*,#695,.F.);
#339=ORIENTED_EDGE('',*,*,#691,.F.);
#340=ORIENTED_EDGE('',*,*,#705,.F.);
#341=ORIENTED_EDGE('',*,*,#649,.F.);
#342=ORIENTED_EDGE('',*,*,#708,.F.);
#343=ORIENTED_EDGE('',*,*,#709,.F.);
#344=ORIENTED_EDGE('',*,*,#710,.T.);
#345=ORIENTED_EDGE('',*,*,#711,.T.);
#346=ORIENTED_EDGE('',*,*,#712,.F.);
#347=ORIENTED_EDGE('',*,*,#713,.T.);
#348=ORIENTED_EDGE('',*,*,#714,.F.);
#349=ORIENTED_EDGE('',*,*,#715,.F.);
#350=ORIENTED_EDGE('',*,*,#716,.F.);
#351=ORIENTED_EDGE('',*,*,#717,.T.);
#352=ORIENTED_EDGE('',*,*,#718,.T.);
#353=ORIENTED_EDGE('',*,*,#719,.T.);
#354=ORIENTED_EDGE('',*,*,#720,.T.);
#355=ORIENTED_EDGE('',*,*,#721,.F.);
#356=ORIENTED_EDGE('',*,*,#722,.F.);
#357=ORIENTED_EDGE('',*,*,#723,.T.);
#358=ORIENTED_EDGE('',*,*,#724,.F.);
#359=ORIENTED_EDGE('',*,*,#725,.T.);
#360=ORIENTED_EDGE('',*,*,#726,.T.);
#361=ORIENTED_EDGE('',*,*,#727,.F.);
#362=ORIENTED_EDGE('',*,*,#710,.F.);
#363=ORIENTED_EDGE('',*,*,#728,.T.);
#364=ORIENTED_EDGE('',*,*,#716,.T.);
#365=ORIENTED_EDGE('',*,*,#729,.F.);
#366=ORIENTED_EDGE('',*,*,#730,.F.);
#367=ORIENTED_EDGE('',*,*,#731,.T.);
#368=ORIENTED_EDGE('',*,*,#727,.T.);
#369=ORIENTED_EDGE('',*,*,#732,.F.);
#370=ORIENTED_EDGE('',*,*,#733,.T.);
#371=ORIENTED_EDGE('',*,*,#715,.T.);
#372=ORIENTED_EDGE('',*,*,#734,.F.);
#373=ORIENTED_EDGE('',*,*,#724,.T.);
#374=ORIENTED_EDGE('',*,*,#735,.F.);
#375=ORIENTED_EDGE('',*,*,#736,.T.);
#376=ORIENTED_EDGE('',*,*,#737,.T.);
#377=ORIENTED_EDGE('',*,*,#738,.F.);
#378=ORIENTED_EDGE('',*,*,#739,.F.);
#379=ORIENTED_EDGE('',*,*,#719,.F.);
#380=ORIENTED_EDGE('',*,*,#740,.F.);
#381=ORIENTED_EDGE('',*,*,#741,.T.);
#382=ORIENTED_EDGE('',*,*,#742,.F.);
#383=ORIENTED_EDGE('',*,*,#743,.T.);
#384=ORIENTED_EDGE('',*,*,#744,.T.);
#385=ORIENTED_EDGE('',*,*,#745,.T.);
#386=ORIENTED_EDGE('',*,*,#746,.T.);
#387=ORIENTED_EDGE('',*,*,#747,.T.);
#388=ORIENTED_EDGE('',*,*,#748,.F.);
#389=ORIENTED_EDGE('',*,*,#749,.T.);
#390=ORIENTED_EDGE('',*,*,#750,.F.);
#391=ORIENTED_EDGE('',*,*,#751,.F.);
#392=ORIENTED_EDGE('',*,*,#752,.F.);
#393=ORIENTED_EDGE('',*,*,#753,.T.);
#394=ORIENTED_EDGE('',*,*,#754,.F.);
#395=ORIENTED_EDGE('',*,*,#755,.F.);
#396=ORIENTED_EDGE('',*,*,#756,.F.);
#397=ORIENTED_EDGE('',*,*,#757,.F.);
#398=ORIENTED_EDGE('',*,*,#758,.T.);
#399=ORIENTED_EDGE('',*,*,#759,.T.);
#400=ORIENTED_EDGE('',*,*,#760,.F.);
#401=ORIENTED_EDGE('',*,*,#761,.T.);
#402=ORIENTED_EDGE('',*,*,#758,.F.);
#403=ORIENTED_EDGE('',*,*,#762,.F.);
#404=ORIENTED_EDGE('',*,*,#742,.T.);
#405=ORIENTED_EDGE('',*,*,#763,.T.);
#406=ORIENTED_EDGE('',*,*,#757,.T.);
#407=ORIENTED_EDGE('',*,*,#764,.F.);
#408=ORIENTED_EDGE('',*,*,#743,.F.);
#409=ORIENTED_EDGE('',*,*,#762,.T.);
#410=ORIENTED_EDGE('',*,*,#756,.T.);
#411=ORIENTED_EDGE('',*,*,#765,.F.);
#412=ORIENTED_EDGE('',*,*,#744,.F.);
#413=ORIENTED_EDGE('',*,*,#764,.T.);
#414=ORIENTED_EDGE('',*,*,#755,.T.);
#415=ORIENTED_EDGE('',*,*,#766,.F.);
#416=ORIENTED_EDGE('',*,*,#745,.F.);
#417=ORIENTED_EDGE('',*,*,#765,.T.);
#418=ORIENTED_EDGE('',*,*,#767,.F.);
#419=ORIENTED_EDGE('',*,*,#754,.T.);
#420=ORIENTED_EDGE('',*,*,#768,.T.);
#421=ORIENTED_EDGE('',*,*,#769,.T.);
#422=ORIENTED_EDGE('',*,*,#770,.F.);
#423=ORIENTED_EDGE('',*,*,#746,.F.);
#424=ORIENTED_EDGE('',*,*,#766,.T.);
#425=ORIENTED_EDGE('',*,*,#770,.T.);
#426=ORIENTED_EDGE('',*,*,#771,.T.);
#427=ORIENTED_EDGE('',*,*,#772,.F.);
#428=ORIENTED_EDGE('',*,*,#747,.F.);
#429=ORIENTED_EDGE('',*,*,#772,.T.);
#430=ORIENTED_EDGE('',*,*,#773,.F.);
#431=ORIENTED_EDGE('',*,*,#774,.F.);
#432=ORIENTED_EDGE('',*,*,#748,.T.);
#433=ORIENTED_EDGE('',*,*,#774,.T.);
#434=ORIENTED_EDGE('',*,*,#775,.T.);
#435=ORIENTED_EDGE('',*,*,#763,.F.);
#436=ORIENTED_EDGE('',*,*,#749,.F.);
#437=ORIENTED_EDGE('',*,*,#776,.F.);
#438=ORIENTED_EDGE('',*,*,#777,.T.);
#439=ORIENTED_EDGE('',*,*,#752,.T.);
#440=ORIENTED_EDGE('',*,*,#778,.T.);
#441=ORIENTED_EDGE('',*,*,#769,.F.);
#442=ORIENTED_EDGE('',*,*,#779,.T.);
#443=ORIENTED_EDGE('',*,*,#776,.T.);
#444=ORIENTED_EDGE('',*,*,#780,.T.);
#445=ORIENTED_EDGE('',*,*,#760,.T.);
#446=ORIENTED_EDGE('',*,*,#775,.F.);
#447=ORIENTED_EDGE('',*,*,#773,.T.);
#448=ORIENTED_EDGE('',*,*,#771,.F.);
#449=ORIENTED_EDGE('',*,*,#779,.F.);
#450=ORIENTED_EDGE('',*,*,#768,.F.);
#451=ORIENTED_EDGE('',*,*,#753,.F.);
#452=ORIENTED_EDGE('',*,*,#777,.F.);
#453=ORIENTED_EDGE('',*,*,#780,.F.);
#454=ORIENTED_EDGE('',*,*,#778,.F.);
#455=ORIENTED_EDGE('',*,*,#759,.F.);
#456=ORIENTED_EDGE('',*,*,#761,.F.);
#457=ORIENTED_EDGE('',*,*,#781,.T.);
#458=ORIENTED_EDGE('',*,*,#782,.F.);
#459=ORIENTED_EDGE('',*,*,#711,.F.);
#460=ORIENTED_EDGE('',*,*,#729,.T.);
#461=ORIENTED_EDGE('',*,*,#721,.T.);
#462=ORIENTED_EDGE('',*,*,#783,.T.);
#463=ORIENTED_EDGE('',*,*,#784,.T.);
#464=ORIENTED_EDGE('',*,*,#785,.F.);
#465=ORIENTED_EDGE('',*,*,#783,.F.);
#466=ORIENTED_EDGE('',*,*,#720,.F.);
#467=ORIENTED_EDGE('',*,*,#739,.T.);
#468=ORIENTED_EDGE('',*,*,#786,.T.);
#469=ORIENTED_EDGE('',*,*,#787,.F.);
#470=ORIENTED_EDGE('',*,*,#788,.T.);
#471=ORIENTED_EDGE('',*,*,#730,.T.);
#472=ORIENTED_EDGE('',*,*,#789,.F.);
#473=ORIENTED_EDGE('',*,*,#790,.F.);
#474=ORIENTED_EDGE('',*,*,#784,.F.);
#475=ORIENTED_EDGE('',*,*,#786,.F.);
#476=ORIENTED_EDGE('',*,*,#738,.T.);
#477=ORIENTED_EDGE('',*,*,#791,.T.);
#478=ORIENTED_EDGE('',*,*,#725,.F.);
#479=ORIENTED_EDGE('',*,*,#734,.T.);
#480=ORIENTED_EDGE('',*,*,#714,.T.);
#481=ORIENTED_EDGE('',*,*,#792,.F.);
#482=ORIENTED_EDGE('',*,*,#793,.T.);
#483=ORIENTED_EDGE('',*,*,#794,.F.);
#484=ORIENTED_EDGE('',*,*,#781,.F.);
#485=ORIENTED_EDGE('',*,*,#795,.F.);
#486=ORIENTED_EDGE('',*,*,#789,.T.);
#487=ORIENTED_EDGE('',*,*,#732,.T.);
#488=ORIENTED_EDGE('',*,*,#726,.F.);
#489=ORIENTED_EDGE('',*,*,#792,.T.);
#490=ORIENTED_EDGE('',*,*,#713,.F.);
#491=ORIENTED_EDGE('',*,*,#796,.F.);
#492=ORIENTED_EDGE('',*,*,#793,.F.);
#493=ORIENTED_EDGE('',*,*,#797,.F.);
#494=ORIENTED_EDGE('',*,*,#797,.T.);
#495=ORIENTED_EDGE('',*,*,#795,.T.);
#496=ORIENTED_EDGE('',*,*,#785,.T.);
#497=ORIENTED_EDGE('',*,*,#790,.T.);
#498=ORIENTED_EDGE('',*,*,#796,.T.);
#499=ORIENTED_EDGE('',*,*,#712,.T.);
#500=ORIENTED_EDGE('',*,*,#782,.T.);
#501=ORIENTED_EDGE('',*,*,#794,.T.);
#502=ORIENTED_EDGE('',*,*,#767,.T.);
#503=ORIENTED_EDGE('',*,*,#791,.F.);
#504=ORIENTED_EDGE('',*,*,#736,.F.);
#505=ORIENTED_EDGE('',*,*,#798,.F.);
#506=ORIENTED_EDGE('',*,*,#799,.T.);
#507=ORIENTED_EDGE('',*,*,#800,.T.);
#508=ORIENTED_EDGE('',*,*,#737,.F.);
#509=ORIENTED_EDGE('',*,*,#800,.F.);
#510=ORIENTED_EDGE('',*,*,#801,.T.);
#511=ORIENTED_EDGE('',*,*,#787,.T.);
#512=ORIENTED_EDGE('',*,*,#802,.F.);
#513=ORIENTED_EDGE('',*,*,#750,.T.);
#514=ORIENTED_EDGE('',*,*,#735,.T.);
#515=ORIENTED_EDGE('',*,*,#723,.F.);
#516=ORIENTED_EDGE('',*,*,#803,.F.);
#517=ORIENTED_EDGE('',*,*,#798,.T.);
#518=ORIENTED_EDGE('',*,*,#802,.T.);
#519=ORIENTED_EDGE('',*,*,#799,.F.);
#520=ORIENTED_EDGE('',*,*,#803,.T.);
#521=ORIENTED_EDGE('',*,*,#722,.T.);
#522=ORIENTED_EDGE('',*,*,#731,.F.);
#523=ORIENTED_EDGE('',*,*,#788,.F.);
#524=ORIENTED_EDGE('',*,*,#801,.F.);
#525=ORIENTED_EDGE('',*,*,#740,.T.);
#526=ORIENTED_EDGE('',*,*,#718,.F.);
#527=ORIENTED_EDGE('',*,*,#804,.F.);
#528=ORIENTED_EDGE('',*,*,#805,.T.);
#529=ORIENTED_EDGE('',*,*,#741,.F.);
#530=ORIENTED_EDGE('',*,*,#805,.F.);
#531=ORIENTED_EDGE('',*,*,#806,.T.);
#532=ORIENTED_EDGE('',*,*,#807,.T.);
#533=ORIENTED_EDGE('',*,*,#733,.F.);
#534=ORIENTED_EDGE('',*,*,#807,.F.);
#535=ORIENTED_EDGE('',*,*,#808,.T.);
#536=ORIENTED_EDGE('',*,*,#708,.T.);
#537=ORIENTED_EDGE('',*,*,#809,.F.);
#538=ORIENTED_EDGE('',*,*,#751,.T.);
#539=ORIENTED_EDGE('',*,*,#804,.T.);
#540=ORIENTED_EDGE('',*,*,#717,.F.);
#541=ORIENTED_EDGE('',*,*,#728,.F.);
#542=ORIENTED_EDGE('',*,*,#709,.T.);
#543=ORIENTED_EDGE('',*,*,#808,.F.);
#544=ORIENTED_EDGE('',*,*,#806,.F.);
#545=ORIENTED_EDGE('',*,*,#809,.T.);
#546=ORIENTED_EDGE('',*,*,#810,.F.);
#547=ORIENTED_EDGE('',*,*,#811,.F.);
#548=ORIENTED_EDGE('',*,*,#812,.T.);
#549=ORIENTED_EDGE('',*,*,#813,.T.);
#550=ORIENTED_EDGE('',*,*,#814,.T.);
#551=ORIENTED_EDGE('',*,*,#815,.F.);
#552=ORIENTED_EDGE('',*,*,#816,.F.);
#553=ORIENTED_EDGE('',*,*,#811,.T.);
#554=ORIENTED_EDGE('',*,*,#817,.F.);
#555=ORIENTED_EDGE('',*,*,#818,.F.);
#556=ORIENTED_EDGE('',*,*,#819,.T.);
#557=ORIENTED_EDGE('',*,*,#815,.T.);
#558=ORIENTED_EDGE('',*,*,#820,.T.);
#559=ORIENTED_EDGE('',*,*,#821,.F.);
#560=ORIENTED_EDGE('',*,*,#822,.F.);
#561=ORIENTED_EDGE('',*,*,#818,.T.);
#562=ORIENTED_EDGE('',*,*,#823,.T.);
#563=ORIENTED_EDGE('',*,*,#824,.F.);
#564=ORIENTED_EDGE('',*,*,#825,.F.);
#565=ORIENTED_EDGE('',*,*,#821,.T.);
#566=ORIENTED_EDGE('',*,*,#826,.T.);
#567=ORIENTED_EDGE('',*,*,#827,.F.);
#568=ORIENTED_EDGE('',*,*,#828,.F.);
#569=ORIENTED_EDGE('',*,*,#824,.T.);
#570=ORIENTED_EDGE('',*,*,#829,.T.);
#571=ORIENTED_EDGE('',*,*,#830,.F.);
#572=ORIENTED_EDGE('',*,*,#831,.F.);
#573=ORIENTED_EDGE('',*,*,#827,.T.);
#574=ORIENTED_EDGE('',*,*,#832,.T.);
#575=ORIENTED_EDGE('',*,*,#833,.F.);
#576=ORIENTED_EDGE('',*,*,#834,.T.);
#577=ORIENTED_EDGE('',*,*,#835,.F.);
#578=ORIENTED_EDGE('',*,*,#836,.T.);
#579=ORIENTED_EDGE('',*,*,#837,.F.);
#580=ORIENTED_EDGE('',*,*,#838,.T.);
#581=ORIENTED_EDGE('',*,*,#839,.F.);
#582=ORIENTED_EDGE('',*,*,#840,.T.);
#583=ORIENTED_EDGE('',*,*,#841,.F.);
#584=ORIENTED_EDGE('',*,*,#842,.T.);
#585=ORIENTED_EDGE('',*,*,#843,.F.);
#586=ORIENTED_EDGE('',*,*,#844,.T.);
#587=ORIENTED_EDGE('',*,*,#813,.F.);
#588=ORIENTED_EDGE('',*,*,#845,.F.);
#589=ORIENTED_EDGE('',*,*,#830,.T.);
#590=ORIENTED_EDGE('',*,*,#842,.F.);
#591=ORIENTED_EDGE('',*,*,#840,.F.);
#592=ORIENTED_EDGE('',*,*,#838,.F.);
#593=ORIENTED_EDGE('',*,*,#836,.F.);
#594=ORIENTED_EDGE('',*,*,#834,.F.);
#595=ORIENTED_EDGE('',*,*,#832,.F.);
#596=ORIENTED_EDGE('',*,*,#812,.F.);
#597=ORIENTED_EDGE('',*,*,#816,.T.);
#598=ORIENTED_EDGE('',*,*,#819,.F.);
#599=ORIENTED_EDGE('',*,*,#822,.T.);
#600=ORIENTED_EDGE('',*,*,#825,.T.);
#601=ORIENTED_EDGE('',*,*,#828,.T.);
#602=ORIENTED_EDGE('',*,*,#831,.T.);
#603=ORIENTED_EDGE('',*,*,#845,.T.);
#604=ORIENTED_EDGE('',*,*,#843,.T.);
#605=ORIENTED_EDGE('',*,*,#841,.T.);
#606=ORIENTED_EDGE('',*,*,#839,.T.);
#607=ORIENTED_EDGE('',*,*,#837,.T.);
#608=ORIENTED_EDGE('',*,*,#835,.T.);
#609=ORIENTED_EDGE('',*,*,#833,.T.);
#610=ORIENTED_EDGE('',*,*,#810,.T.);
#611=ORIENTED_EDGE('',*,*,#844,.F.);
#612=ORIENTED_EDGE('',*,*,#829,.F.);
#613=ORIENTED_EDGE('',*,*,#826,.F.);
#614=ORIENTED_EDGE('',*,*,#823,.F.);
#615=ORIENTED_EDGE('',*,*,#820,.F.);
#616=ORIENTED_EDGE('',*,*,#817,.T.);
#617=ORIENTED_EDGE('',*,*,#814,.F.);
#618=EDGE_CURVE('',#846,#847,#1010,.T.);
#619=EDGE_CURVE('',#848,#846,#1011,.T.);
#620=EDGE_CURVE('',#848,#849,#1012,.T.);
#621=EDGE_CURVE('',#849,#847,#1013,.T.);
#622=EDGE_CURVE('',#846,#850,#18,.T.);
#623=EDGE_CURVE('',#851,#850,#1014,.T.);
#624=EDGE_CURVE('',#848,#851,#19,.T.);
#625=EDGE_CURVE('',#850,#852,#1015,.T.);
#626=EDGE_CURVE('',#853,#852,#1016,.T.);
#627=EDGE_CURVE('',#851,#853,#1017,.T.);
#628=EDGE_CURVE('',#852,#854,#20,.T.);
#629=EDGE_CURVE('',#855,#854,#1018,.T.);
#630=EDGE_CURVE('',#853,#855,#21,.T.);
#631=EDGE_CURVE('',#854,#856,#1019,.T.);
#632=EDGE_CURVE('',#857,#856,#1020,.T.);
#633=EDGE_CURVE('',#855,#857,#1021,.T.);
#634=EDGE_CURVE('',#856,#858,#22,.T.);
#635=EDGE_CURVE('',#859,#858,#1022,.T.);
#636=EDGE_CURVE('',#857,#859,#23,.T.);
#637=EDGE_CURVE('',#860,#858,#1023,.T.);
#638=EDGE_CURVE('',#861,#860,#1024,.T.);
#639=EDGE_CURVE('',#861,#859,#1025,.T.);
#640=EDGE_CURVE('',#862,#862,#24,.T.);
#641=EDGE_CURVE('',#863,#863,#25,.T.);
#642=EDGE_CURVE('',#860,#847,#26,.T.);
#643=EDGE_CURVE('',#861,#849,#27,.T.);
#644=EDGE_CURVE('',#864,#864,#28,.T.);
#645=EDGE_CURVE('',#865,#865,#29,.T.);
#646=EDGE_CURVE('',#866,#867,#1026,.T.);
#647=EDGE_CURVE('',#866,#868,#1027,.F.);
#648=EDGE_CURVE('',#868,#869,#1028,.T.);
#649=EDGE_CURVE('',#869,#867,#1029,.T.);
#650=EDGE_CURVE('',#870,#871,#1030,.T.);
#651=EDGE_CURVE('',#871,#872,#1031,.F.);
#652=EDGE_CURVE('',#873,#872,#1032,.T.);
#653=EDGE_CURVE('',#873,#870,#1033,.T.);
#654=EDGE_CURVE('',#874,#875,#1034,.T.);
#655=EDGE_CURVE('',#875,#876,#1035,.F.);
#656=EDGE_CURVE('',#877,#876,#1036,.T.);
#657=EDGE_CURVE('',#877,#874,#1037,.T.);
#658=EDGE_CURVE('',#878,#879,#1038,.T.);
#659=EDGE_CURVE('',#879,#880,#1039,.F.);
#660=EDGE_CURVE('',#881,#880,#1040,.T.);
#661=EDGE_CURVE('',#881,#878,#1041,.T.);
#662=EDGE_CURVE('',#882,#883,#1042,.T.);
#663=EDGE_CURVE('',#882,#884,#1043,.F.);
#664=EDGE_CURVE('',#884,#885,#1044,.T.);
#665=EDGE_CURVE('',#885,#883,#1045,.T.);
#666=EDGE_CURVE('',#886,#887,#1046,.T.);
#667=EDGE_CURVE('',#887,#888,#1047,.T.);
#668=EDGE_CURVE('',#889,#888,#1048,.T.);
#669=EDGE_CURVE('',#889,#886,#1049,.F.);
#670=EDGE_CURVE('',#890,#891,#1050,.T.);
#671=EDGE_CURVE('',#891,#892,#1051,.T.);
#672=EDGE_CURVE('',#893,#892,#1052,.T.);
#673=EDGE_CURVE('',#893,#890,#1053,.F.);
#674=EDGE_CURVE('',#894,#894,#30,.T.);
#675=EDGE_CURVE('',#895,#895,#31,.T.);
#676=EDGE_CURVE('',#896,#896,#32,.T.);
#677=EDGE_CURVE('',#897,#897,#33,.T.);
#678=EDGE_CURVE('',#898,#898,#34,.T.);
#679=EDGE_CURVE('',#899,#899,#35,.T.);
#680=EDGE_CURVE('',#900,#900,#36,.T.);
#681=EDGE_CURVE('',#901,#901,#37,.T.);
#682=EDGE_CURVE('',#902,#902,#38,.T.);
#683=EDGE_CURVE('',#903,#903,#39,.T.);
#684=EDGE_CURVE('',#904,#904,#40,.T.);
#685=EDGE_CURVE('',#905,#905,#41,.T.);
#686=EDGE_CURVE('',#906,#906,#42,.T.);
#687=EDGE_CURVE('',#907,#907,#43,.T.);
#688=EDGE_CURVE('',#908,#909,#1054,.T.);
#689=EDGE_CURVE('',#909,#910,#1055,.T.);
#690=EDGE_CURVE('',#911,#910,#1056,.T.);
#691=EDGE_CURVE('',#911,#908,#1057,.F.);
#692=EDGE_CURVE('',#884,#887,#44,.T.);
#693=EDGE_CURVE('',#886,#891,#45,.T.);
#694=EDGE_CURVE('',#890,#909,#46,.T.);
#695=EDGE_CURVE('',#908,#869,#47,.T.);
#696=EDGE_CURVE('',#868,#873,#48,.T.);
#697=EDGE_CURVE('',#872,#877,#49,.F.);
#698=EDGE_CURVE('',#876,#881,#50,.T.);
#699=EDGE_CURVE('',#880,#885,#51,.T.);
#700=EDGE_CURVE('',#888,#882,#52,.F.);
#701=EDGE_CURVE('',#883,#879,#53,.F.);
#702=EDGE_CURVE('',#878,#875,#54,.F.);
#703=EDGE_CURVE('',#874,#871,#55,.T.);
#704=EDGE_CURVE('',#870,#866,#56,.F.);
#705=EDGE_CURVE('',#867,#911,#57,.F.);
#706=EDGE_CURVE('',#910,#893,#58,.F.);
#707=EDGE_CURVE('',#892,#889,#59,.F.);
#708=EDGE_CURVE('',#912,#913,#1058,.T.);
#709=EDGE_CURVE('',#914,#912,#1059,.T.);
#710=EDGE_CURVE('',#914,#915,#1060,.T.);
#711=EDGE_CURVE('',#915,#916,#1061,.T.);
#712=EDGE_CURVE('',#917,#916,#1062,.T.);
#713=EDGE_CURVE('',#917,#918,#1063,.T.);
#714=EDGE_CURVE('',#919,#918,#1064,.F.);
#715=EDGE_CURVE('',#913,#919,#1065,.T.);
#716=EDGE_CURVE('',#920,#921,#1066,.T.);
#717=EDGE_CURVE('',#920,#922,#1067,.T.);
#718=EDGE_CURVE('',#922,#923,#1068,.T.);
#719=EDGE_CURVE('',#923,#924,#1069,.T.);
#720=EDGE_CURVE('',#924,#925,#1070,.T.);
#721=EDGE_CURVE('',#921,#925,#1071,.T.);
#722=EDGE_CURVE('',#926,#927,#1072,.T.);
#723=EDGE_CURVE('',#926,#928,#1073,.T.);
#724=EDGE_CURVE('',#929,#928,#1074,.T.);
#725=EDGE_CURVE('',#929,#930,#1075,.T.);
#726=EDGE_CURVE('',#930,#931,#1076,.T.);
#727=EDGE_CURVE('',#927,#931,#1077,.T.);
#728=EDGE_CURVE('',#914,#920,#60,.T.);
#729=EDGE_CURVE('',#915,#921,#61,.T.);
#730=EDGE_CURVE('',#932,#933,#1078,.T.);
#731=EDGE_CURVE('',#932,#927,#62,.T.);
#732=EDGE_CURVE('',#933,#931,#63,.F.);
#733=EDGE_CURVE('',#934,#913,#1079,.T.);
#734=EDGE_CURVE('',#929,#919,#64,.T.);
#735=EDGE_CURVE('',#935,#928,#1080,.T.);
#736=EDGE_CURVE('',#935,#936,#65,.T.);
#737=EDGE_CURVE('',#936,#937,#1081,.T.);
#738=EDGE_CURVE('',#938,#937,#1082,.T.);
#739=EDGE_CURVE('',#924,#938,#66,.T.);
#740=EDGE_CURVE('',#939,#923,#1083,.T.);
#741=EDGE_CURVE('',#939,#934,#67,.T.);
#742=EDGE_CURVE('',#940,#941,#1084,.T.);
#743=EDGE_CURVE('',#940,#942,#68,.T.);
#744=EDGE_CURVE('',#942,#943,#1085,.T.);
#745=EDGE_CURVE('',#943,#944,#69,.T.);
#746=EDGE_CURVE('',#944,#945,#1086,.T.);
#747=EDGE_CURVE('',#945,#946,#70,.T.);
#748=EDGE_CURVE('',#947,#946,#1087,.T.);
#749=EDGE_CURVE('',#947,#941,#71,.T.);
#750=EDGE_CURVE('',#948,#948,#72,.T.);
#751=EDGE_CURVE('',#949,#949,#73,.T.);
#752=EDGE_CURVE('',#950,#951,#1088,.T.);
#753=EDGE_CURVE('',#950,#952,#74,.T.);
#754=EDGE_CURVE('',#953,#952,#1089,.T.);
#755=EDGE_CURVE('',#954,#953,#75,.T.);
#756=EDGE_CURVE('',#955,#954,#1090,.T.);
#757=EDGE_CURVE('',#956,#955,#76,.T.);
#758=EDGE_CURVE('',#956,#957,#1091,.T.);
#759=EDGE_CURVE('',#957,#951,#77,.T.);
#760=EDGE_CURVE('',#958,#959,#1092,.T.);
#761=EDGE_CURVE('',#958,#957,#1093,.T.);
#762=EDGE_CURVE('',#940,#956,#1094,.T.);
#763=EDGE_CURVE('',#941,#959,#1095,.T.);
#764=EDGE_CURVE('',#942,#955,#1096,.T.);
#765=EDGE_CURVE('',#943,#954,#1097,.T.);
#766=EDGE_CURVE('',#944,#953,#1098,.T.);
#767=EDGE_CURVE('',#960,#960,#78,.T.);
#768=EDGE_CURVE('',#952,#961,#1099,.F.);
#769=EDGE_CURVE('',#961,#962,#1100,.T.);
#770=EDGE_CURVE('',#945,#962,#1101,.T.);
#771=EDGE_CURVE('',#962,#963,#79,.T.);
#772=EDGE_CURVE('',#946,#963,#1102,.T.);
#773=EDGE_CURVE('',#964,#963,#1103,.T.);
#774=EDGE_CURVE('',#947,#964,#1104,.T.);
#775=EDGE_CURVE('',#964,#959,#80,.T.);
#776=EDGE_CURVE('',#965,#966,#1105,.T.);
#777=EDGE_CURVE('',#965,#950,#1106,.T.);
#778=EDGE_CURVE('',#951,#966,#1107,.F.);
#779=EDGE_CURVE('',#961,#965,#81,.T.);
#780=EDGE_CURVE('',#966,#958,#82,.T.);
#781=EDGE_CURVE('',#967,#968,#1108,.T.);
#782=EDGE_CURVE('',#916,#968,#83,.T.);
#783=EDGE_CURVE('',#925,#969,#84,.T.);
#784=EDGE_CURVE('',#969,#970,#1109,.T.);
#785=EDGE_CURVE('',#967,#970,#85,.T.);
#786=EDGE_CURVE('',#938,#969,#1110,.F.);
#787=EDGE_CURVE('',#971,#937,#1111,.T.);
#788=EDGE_CURVE('',#971,#932,#1112,.T.);
#789=EDGE_CURVE('',#972,#933,#1113,.T.);
#790=EDGE_CURVE('',#970,#972,#1114,.F.);
#791=EDGE_CURVE('',#973,#973,#86,.F.);
#792=EDGE_CURVE('',#930,#918,#87,.F.);
#793=EDGE_CURVE('',#974,#975,#1115,.T.);
#794=EDGE_CURVE('',#968,#975,#1116,.F.);
#795=EDGE_CURVE('',#974,#967,#1117,.T.);
#796=EDGE_CURVE('',#975,#917,#88,.T.);
#797=EDGE_CURVE('',#972,#974,#89,.T.);
#798=EDGE_CURVE('',#976,#935,#1118,.T.);
#799=EDGE_CURVE('',#976,#977,#90,.T.);
#800=EDGE_CURVE('',#977,#936,#1119,.T.);
#801=EDGE_CURVE('',#977,#971,#1120,.T.);
#802=EDGE_CURVE('',#978,#978,#91,.T.);
#803=EDGE_CURVE('',#976,#926,#1121,.T.);
#804=EDGE_CURVE('',#979,#922,#1122,.T.);
#805=EDGE_CURVE('',#979,#939,#1123,.T.);
#806=EDGE_CURVE('',#979,#980,#92,.T.);
#807=EDGE_CURVE('',#980,#934,#1124,.T.);
#808=EDGE_CURVE('',#980,#912,#1125,.T.);
#809=EDGE_CURVE('',#981,#981,#93,.T.);
#810=EDGE_CURVE('',#982,#983,#1126,.T.);
#811=EDGE_CURVE('',#984,#982,#1127,.T.);
#812=EDGE_CURVE('',#984,#985,#1128,.T.);
#813=EDGE_CURVE('',#985,#983,#1129,.T.);
#814=EDGE_CURVE('',#982,#986,#94,.T.);
#815=EDGE_CURVE('',#987,#986,#1130,.T.);
#816=EDGE_CURVE('',#984,#987,#95,.T.);
#817=EDGE_CURVE('',#988,#986,#1131,.T.);
#818=EDGE_CURVE('',#989,#988,#1132,.T.);
#819=EDGE_CURVE('',#989,#987,#1133,.T.);
#820=EDGE_CURVE('',#988,#990,#96,.T.);
#821=EDGE_CURVE('',#991,#990,#1134,.T.);
#822=EDGE_CURVE('',#989,#991,#97,.T.);
#823=EDGE_CURVE('',#990,#992,#1135,.T.);
#824=EDGE_CURVE('',#993,#992,#1136,.T.);
#825=EDGE_CURVE('',#991,#993,#1137,.T.);
#826=EDGE_CURVE('',#992,#994,#98,.T.);
#827=EDGE_CURVE('',#995,#994,#1138,.T.);
#828=EDGE_CURVE('',#993,#995,#99,.T.);
#829=EDGE_CURVE('',#994,#996,#1139,.T.);
#830=EDGE_CURVE('',#997,#996,#1140,.T.);
#831=EDGE_CURVE('',#995,#997,#1141,.T.);
#832=EDGE_CURVE('',#998,#998,#100,.T.);
#833=EDGE_CURVE('',#999,#999,#101,.T.);
#834=EDGE_CURVE('',#1000,#1000,#102,.T.);
#835=EDGE_CURVE('',#1001,#1001,#103,.T.);
#836=EDGE_CURVE('',#1002,#1002,#104,.T.);
#837=EDGE_CURVE('',#1003,#1003,#105,.T.);
#838=EDGE_CURVE('',#1004,#1004,#106,.T.);
#839=EDGE_CURVE('',#1005,#1005,#107,.T.);
#840=EDGE_CURVE('',#1006,#1006,#108,.T.);
#841=EDGE_CURVE('',#1007,#1007,#109,.T.);
#842=EDGE_CURVE('',#1008,#1008,#110,.T.);
#843=EDGE_CURVE('',#1009,#1009,#111,.T.);
#844=EDGE_CURVE('',#996,#983,#112,.T.);
#845=EDGE_CURVE('',#997,#985,#113,.T.);
#846=VERTEX_POINT('',#2456);
#847=VERTEX_POINT('',#2457);
#848=VERTEX_POINT('',#2459);
#849=VERTEX_POINT('',#2461);
#850=VERTEX_POINT('',#2465);
#851=VERTEX_POINT('',#2467);
#852=VERTEX_POINT('',#2471);
#853=VERTEX_POINT('',#2473);
#854=VERTEX_POINT('',#2477);
#855=VERTEX_POINT('',#2479);
#856=VERTEX_POINT('',#2483);
#857=VERTEX_POINT('',#2485);
#858=VERTEX_POINT('',#2489);
#859=VERTEX_POINT('',#2491);
#860=VERTEX_POINT('',#2495);
#861=VERTEX_POINT('',#2497);
#862=VERTEX_POINT('',#2501);
#863=VERTEX_POINT('',#2503);
#864=VERTEX_POINT('',#2509);
#865=VERTEX_POINT('',#2511);
#866=VERTEX_POINT('',#2517);
#867=VERTEX_POINT('',#2518);
#868=VERTEX_POINT('',#2520);
#869=VERTEX_POINT('',#2522);
#870=VERTEX_POINT('',#2526);
#871=VERTEX_POINT('',#2527);
#872=VERTEX_POINT('',#2529);
#873=VERTEX_POINT('',#2531);
#874=VERTEX_POINT('',#2535);
#875=VERTEX_POINT('',#2536);
#876=VERTEX_POINT('',#2538);
#877=VERTEX_POINT('',#2540);
#878=VERTEX_POINT('',#2544);
#879=VERTEX_POINT('',#2545);
#880=VERTEX_POINT('',#2547);
#881=VERTEX_POINT('',#2549);
#882=VERTEX_POINT('',#2553);
#883=VERTEX_POINT('',#2554);
#884=VERTEX_POINT('',#2556);
#885=VERTEX_POINT('',#2558);
#886=VERTEX_POINT('',#2562);
#887=VERTEX_POINT('',#2563);
#888=VERTEX_POINT('',#2565);
#889=VERTEX_POINT('',#2567);
#890=VERTEX_POINT('',#2571);
#891=VERTEX_POINT('',#2572);
#892=VERTEX_POINT('',#2574);
#893=VERTEX_POINT('',#2576);
#894=VERTEX_POINT('',#2580);
#895=VERTEX_POINT('',#2582);
#896=VERTEX_POINT('',#2585);
#897=VERTEX_POINT('',#2587);
#898=VERTEX_POINT('',#2590);
#899=VERTEX_POINT('',#2592);
#900=VERTEX_POINT('',#2595);
#901=VERTEX_POINT('',#2597);
#902=VERTEX_POINT('',#2600);
#903=VERTEX_POINT('',#2602);
#904=VERTEX_POINT('',#2605);
#905=VERTEX_POINT('',#2607);
#906=VERTEX_POINT('',#2610);
#907=VERTEX_POINT('',#2612);
#908=VERTEX_POINT('',#2615);
#909=VERTEX_POINT('',#2616);
#910=VERTEX_POINT('',#2618);
#911=VERTEX_POINT('',#2620);
#912=VERTEX_POINT('',#2651);
#913=VERTEX_POINT('',#2652);
#914=VERTEX_POINT('',#2654);
#915=VERTEX_POINT('',#2656);
#916=VERTEX_POINT('',#2658);
#917=VERTEX_POINT('',#2660);
#918=VERTEX_POINT('',#2662);
#919=VERTEX_POINT('',#2664);
#920=VERTEX_POINT('',#2668);
#921=VERTEX_POINT('',#2669);
#922=VERTEX_POINT('',#2671);
#923=VERTEX_POINT('',#2673);
#924=VERTEX_POINT('',#2675);
#925=VERTEX_POINT('',#2677);
#926=VERTEX_POINT('',#2681);
#927=VERTEX_POINT('',#2682);
#928=VERTEX_POINT('',#2684);
#929=VERTEX_POINT('',#2686);
#930=VERTEX_POINT('',#2688);
#931=VERTEX_POINT('',#2690);
#932=VERTEX_POINT('',#2697);
#933=VERTEX_POINT('',#2698);
#934=VERTEX_POINT('',#2703);
#935=VERTEX_POINT('',#2706);
#936=VERTEX_POINT('',#2708);
#937=VERTEX_POINT('',#2710);
#938=VERTEX_POINT('',#2712);
#939=VERTEX_POINT('',#2715);
#940=VERTEX_POINT('',#2718);
#941=VERTEX_POINT('',#2719);
#942=VERTEX_POINT('',#2721);
#943=VERTEX_POINT('',#2723);
#944=VERTEX_POINT('',#2725);
#945=VERTEX_POINT('',#2727);
#946=VERTEX_POINT('',#2729);
#947=VERTEX_POINT('',#2731);
#948=VERTEX_POINT('',#2734);
#949=VERTEX_POINT('',#2736);
#950=VERTEX_POINT('',#2739);
#951=VERTEX_POINT('',#2740);
#952=VERTEX_POINT('',#2742);
#953=VERTEX_POINT('',#2744);
#954=VERTEX_POINT('',#2746);
#955=VERTEX_POINT('',#2748);
#956=VERTEX_POINT('',#2750);
#957=VERTEX_POINT('',#2752);
#958=VERTEX_POINT('',#2756);
#959=VERTEX_POINT('',#2757);
#960=VERTEX_POINT('',#2769);
#961=VERTEX_POINT('',#2771);
#962=VERTEX_POINT('',#2773);
#963=VERTEX_POINT('',#2777);
#964=VERTEX_POINT('',#2781);
#965=VERTEX_POINT('',#2787);
#966=VERTEX_POINT('',#2788);
#967=VERTEX_POINT('',#2798);
#968=VERTEX_POINT('',#2799);
#969=VERTEX_POINT('',#2802);
#970=VERTEX_POINT('',#2804);
#971=VERTEX_POINT('',#2810);
#972=VERTEX_POINT('',#2813);
#973=VERTEX_POINT('',#2816);
#974=VERTEX_POINT('',#2821);
#975=VERTEX_POINT('',#2822);
#976=VERTEX_POINT('',#2833);
#977=VERTEX_POINT('',#2835);
#978=VERTEX_POINT('',#2841);
#979=VERTEX_POINT('',#2847);
#980=VERTEX_POINT('',#2851);
#981=VERTEX_POINT('',#2857);
#982=VERTEX_POINT('',#2862);
#983=VERTEX_POINT('',#2863);
#984=VERTEX_POINT('',#2865);
#985=VERTEX_POINT('',#2867);
#986=VERTEX_POINT('',#2871);
#987=VERTEX_POINT('',#2873);
#988=VERTEX_POINT('',#2877);
#989=VERTEX_POINT('',#2879);
#990=VERTEX_POINT('',#2883);
#991=VERTEX_POINT('',#2885);
#992=VERTEX_POINT('',#2889);
#993=VERTEX_POINT('',#2891);
#994=VERTEX_POINT('',#2895);
#995=VERTEX_POINT('',#2897);
#996=VERTEX_POINT('',#2901);
#997=VERTEX_POINT('',#2903);
#998=VERTEX_POINT('',#2907);
#999=VERTEX_POINT('',#2909);
#1000=VERTEX_POINT('',#2912);
#1001=VERTEX_POINT('',#2914);
#1002=VERTEX_POINT('',#2917);
#1003=VERTEX_POINT('',#2919);
#1004=VERTEX_POINT('',#2922);
#1005=VERTEX_POINT('',#2924);
#1006=VERTEX_POINT('',#2927);
#1007=VERTEX_POINT('',#2929);
#1008=VERTEX_POINT('',#2932);
#1009=VERTEX_POINT('',#2934);
#1010=LINE('',#2455,#1142);
#1011=LINE('',#2458,#1143);
#1012=LINE('',#2460,#1144);
#1013=LINE('',#2462,#1145);
#1014=LINE('',#2466,#1146);
#1015=LINE('',#2470,#1147);
#1016=LINE('',#2472,#1148);
#1017=LINE('',#2474,#1149);
#1018=LINE('',#2478,#1150);
#1019=LINE('',#2482,#1151);
#1020=LINE('',#2484,#1152);
#1021=LINE('',#2486,#1153);
#1022=LINE('',#2490,#1154);
#1023=LINE('',#2494,#1155);
#1024=LINE('',#2496,#1156);
#1025=LINE('',#2498,#1157);
#1026=LINE('',#2516,#1158);
#1027=LINE('',#2519,#1159);
#1028=LINE('',#2521,#1160);
#1029=LINE('',#2523,#1161);
#1030=LINE('',#2525,#1162);
#1031=LINE('',#2528,#1163);
#1032=LINE('',#2530,#1164);
#1033=LINE('',#2532,#1165);
#1034=LINE('',#2534,#1166);
#1035=LINE('',#2537,#1167);
#1036=LINE('',#2539,#1168);
#1037=LINE('',#2541,#1169);
#1038=LINE('',#2543,#1170);
#1039=LINE('',#2546,#1171);
#1040=LINE('',#2548,#1172);
#1041=LINE('',#2550,#1173);
#1042=LINE('',#2552,#1174);
#1043=LINE('',#2555,#1175);
#1044=LINE('',#2557,#1176);
#1045=LINE('',#2559,#1177);
#1046=LINE('',#2561,#1178);
#1047=LINE('',#2564,#1179);
#1048=LINE('',#2566,#1180);
#1049=LINE('',#2568,#1181);
#1050=LINE('',#2570,#1182);
#1051=LINE('',#2573,#1183);
#1052=LINE('',#2575,#1184);
#1053=LINE('',#2577,#1185);
#1054=LINE('',#2614,#1186);
#1055=LINE('',#2617,#1187);
#1056=LINE('',#2619,#1188);
#1057=LINE('',#2621,#1189);
#1058=LINE('',#2650,#1190);
#1059=LINE('',#2653,#1191);
#1060=LINE('',#2655,#1192);
#1061=LINE('',#2657,#1193);
#1062=LINE('',#2659,#1194);
#1063=LINE('',#2661,#1195);
#1064=LINE('',#2663,#1196);
#1065=LINE('',#2665,#1197);
#1066=LINE('',#2667,#1198);
#1067=LINE('',#2670,#1199);
#1068=LINE('',#2672,#1200);
#1069=LINE('',#2674,#1201);
#1070=LINE('',#2676,#1202);
#1071=LINE('',#2678,#1203);
#1072=LINE('',#2680,#1204);
#1073=LINE('',#2683,#1205);
#1074=LINE('',#2685,#1206);
#1075=LINE('',#2687,#1207);
#1076=LINE('',#2689,#1208);
#1077=LINE('',#2691,#1209);
#1078=LINE('',#2696,#1210);
#1079=LINE('',#2702,#1211);
#1080=LINE('',#2705,#1212);
#1081=LINE('',#2709,#1213);
#1082=LINE('',#2711,#1214);
#1083=LINE('',#2714,#1215);
#1084=LINE('',#2717,#1216);
#1085=LINE('',#2722,#1217);
#1086=LINE('',#2726,#1218);
#1087=LINE('',#2730,#1219);
#1088=LINE('',#2738,#1220);
#1089=LINE('',#2743,#1221);
#1090=LINE('',#2747,#1222);
#1091=LINE('',#2751,#1223);
#1092=LINE('',#2755,#1224);
#1093=LINE('',#2758,#1225);
#1094=LINE('',#2759,#1226);
#1095=LINE('',#2760,#1227);
#1096=LINE('',#2762,#1228);
#1097=LINE('',#2764,#1229);
#1098=LINE('',#2766,#1230);
#1099=LINE('',#2770,#1231);
#1100=LINE('',#2772,#1232);
#1101=LINE('',#2774,#1233);
#1102=LINE('',#2778,#1234);
#1103=LINE('',#2780,#1235);
#1104=LINE('',#2782,#1236);
#1105=LINE('',#2786,#1237);
#1106=LINE('',#2789,#1238);
#1107=LINE('',#2790,#1239);
#1108=LINE('',#2797,#1240);
#1109=LINE('',#2803,#1241);
#1110=LINE('',#2807,#1242);
#1111=LINE('',#2809,#1243);
#1112=LINE('',#2811,#1244);
#1113=LINE('',#2812,#1245);
#1114=LINE('',#2814,#1246);
#1115=LINE('',#2820,#1247);
#1116=LINE('',#2823,#1248);
#1117=LINE('',#2824,#1249);
#1118=LINE('',#2832,#1250);
#1119=LINE('',#2836,#1251);
#1120=LINE('',#2838,#1252);
#1121=LINE('',#2843,#1253);
#1122=LINE('',#2846,#1254);
#1123=LINE('',#2848,#1255);
#1124=LINE('',#2852,#1256);
#1125=LINE('',#2854,#1257);
#1126=LINE('',#2861,#1258);
#1127=LINE('',#2864,#1259);
#1128=LINE('',#2866,#1260);
#1129=LINE('',#2868,#1261);
#1130=LINE('',#2872,#1262);
#1131=LINE('',#2876,#1263);
#1132=LINE('',#2878,#1264);
#1133=LINE('',#2880,#1265);
#1134=LINE('',#2884,#1266);
#1135=LINE('',#2888,#1267);
#1136=LINE('',#2890,#1268);
#1137=LINE('',#2892,#1269);
#1138=LINE('',#2896,#1270);
#1139=LINE('',#2900,#1271);
#1140=LINE('',#2902,#1272);
#1141=LINE('',#2904,#1273);
#1142=VECTOR('',#1943,1.);
#1143=VECTOR('',#1944,1.);
#1144=VECTOR('',#1945,1.);
#1145=VECTOR('',#1946,1.);
#1146=VECTOR('',#1951,1.);
#1147=VECTOR('',#1956,1.);
#1148=VECTOR('',#1957,1.);
#1149=VECTOR('',#1958,1.);
#1150=VECTOR('',#1963,1.);
#1151=VECTOR('',#1968,1.);
#1152=VECTOR('',#1969,1.);
#1153=VECTOR('',#1970,1.);
#1154=VECTOR('',#1975,1.);
#1155=VECTOR('',#1980,1.);
#1156=VECTOR('',#1981,1.);
#1157=VECTOR('',#1982,1.);
#1158=VECTOR('',#2009,1.);
#1159=VECTOR('',#2010,1.);
#1160=VECTOR('',#2011,1.);
#1161=VECTOR('',#2012,1.);
#1162=VECTOR('',#2015,1.);
#1163=VECTOR('',#2016,1.);
#1164=VECTOR('',#2017,1.);
#1165=VECTOR('',#2018,1.);
#1166=VECTOR('',#2021,1.);
#1167=VECTOR('',#2022,1.);
#1168=VECTOR('',#2023,1.);
#1169=VECTOR('',#2024,1.);
#1170=VECTOR('',#2027,1.);
#1171=VECTOR('',#2028,1.);
#1172=VECTOR('',#2029,1.);
#1173=VECTOR('',#2030,1.);
#1174=VECTOR('',#2033,1.);
#1175=VECTOR('',#2034,1.);
#1176=VECTOR('',#2035,1.);
#1177=VECTOR('',#2036,1.);
#1178=VECTOR('',#2039,1.);
#1179=VECTOR('',#2040,1.);
#1180=VECTOR('',#2041,1.);
#1181=VECTOR('',#2042,1.);
#1182=VECTOR('',#2045,1.);
#1183=VECTOR('',#2046,1.);
#1184=VECTOR('',#2047,1.);
#1185=VECTOR('',#2048,1.);
#1186=VECTOR('',#2093,1.);
#1187=VECTOR('',#2094,1.);
#1188=VECTOR('',#2095,1.);
#1189=VECTOR('',#2096,1.);
#1190=VECTOR('',#2153,1.);
#1191=VECTOR('',#2154,1.);
#1192=VECTOR('',#2155,1.);
#1193=VECTOR('',#2156,1.);
#1194=VECTOR('',#2157,1.);
#1195=VECTOR('',#2158,1.);
#1196=VECTOR('',#2159,1.);
#1197=VECTOR('',#2160,1.);
#1198=VECTOR('',#2163,1.);
#1199=VECTOR('',#2164,1.);
#1200=VECTOR('',#2165,1.);
#1201=VECTOR('',#2166,1.);
#1202=VECTOR('',#2167,1.);
#1203=VECTOR('',#2168,1.);
#1204=VECTOR('',#2171,1.);
#1205=VECTOR('',#2172,1.);
#1206=VECTOR('',#2173,1.);
#1207=VECTOR('',#2174,1.);
#1208=VECTOR('',#2175,1.);
#1209=VECTOR('',#2176,1.);
#1210=VECTOR('',#2185,1.);
#1211=VECTOR('',#2192,1.);
#1212=VECTOR('',#2195,1.);
#1213=VECTOR('',#2198,1.);
#1214=VECTOR('',#2199,1.);
#1215=VECTOR('',#2202,1.);
#1216=VECTOR('',#2205,1.);
#1217=VECTOR('',#2208,1.);
#1218=VECTOR('',#2211,1.);
#1219=VECTOR('',#2214,1.);
#1220=VECTOR('',#2223,1.);
#1221=VECTOR('',#2226,1.);
#1222=VECTOR('',#2229,1.);
#1223=VECTOR('',#2232,1.);
#1224=VECTOR('',#2237,1.);
#1225=VECTOR('',#2238,1.);
#1226=VECTOR('',#2239,1.);
#1227=VECTOR('',#2240,1.);
#1228=VECTOR('',#2243,1.);
#1229=VECTOR('',#2246,1.);
#1230=VECTOR('',#2249,1.);
#1231=VECTOR('',#2254,1.);
#1232=VECTOR('',#2255,1.);
#1233=VECTOR('',#2256,1.);
#1234=VECTOR('',#2261,1.);
#1235=VECTOR('',#2264,1.);
#1236=VECTOR('',#2265,1.);
#1237=VECTOR('',#2272,1.);
#1238=VECTOR('',#2273,1.);
#1239=VECTOR('',#2274,1.);
#1240=VECTOR('',#2287,1.);
#1241=VECTOR('',#2292,1.);
#1242=VECTOR('',#2297,1.);
#1243=VECTOR('',#2300,1.);
#1244=VECTOR('',#2301,1.);
#1245=VECTOR('',#2302,1.);
#1246=VECTOR('',#2303,1.);
#1247=VECTOR('',#2312,1.);
#1248=VECTOR('',#2313,1.);
#1249=VECTOR('',#2314,1.);
#1250=VECTOR('',#2329,1.);
#1251=VECTOR('',#2332,1.);
#1252=VECTOR('',#2335,1.);
#1253=VECTOR('',#2342,1.);
#1254=VECTOR('',#2347,1.);
#1255=VECTOR('',#2348,1.);
#1256=VECTOR('',#2353,1.);
#1257=VECTOR('',#2356,1.);
#1258=VECTOR('',#2367,1.);
#1259=VECTOR('',#2368,1.);
#1260=VECTOR('',#2369,1.);
#1261=VECTOR('',#2370,1.);
#1262=VECTOR('',#2375,1.);
#1263=VECTOR('',#2380,1.);
#1264=VECTOR('',#2381,1.);
#1265=VECTOR('',#2382,1.);
#1266=VECTOR('',#2387,1.);
#1267=VECTOR('',#2392,1.);
#1268=VECTOR('',#2393,1.);
#1269=VECTOR('',#2394,1.);
#1270=VECTOR('',#2399,1.);
#1271=VECTOR('',#2404,1.);
#1272=VECTOR('',#2405,1.);
#1273=VECTOR('',#2406,1.);
#1274=EDGE_LOOP('',(#162,#163,#164,#165));
#1275=EDGE_LOOP('',(#166,#167,#168,#169));
#1276=EDGE_LOOP('',(#170,#171,#172,#173));
#1277=EDGE_LOOP('',(#174,#175,#176,#177));
#1278=EDGE_LOOP('',(#178,#179,#180,#181));
#1279=EDGE_LOOP('',(#182,#183,#184,#185));
#1280=EDGE_LOOP('',(#186,#187,#188,#189));
#1281=EDGE_LOOP('',(#190));
#1282=EDGE_LOOP('',(#191));
#1283=EDGE_LOOP('',(#192,#193,#194,#195));
#1284=EDGE_LOOP('',(#196));
#1285=EDGE_LOOP('',(#197));
#1286=EDGE_LOOP('',(#198,#199,#200,#201,#202,#203,#204,#205));
#1287=EDGE_LOOP('',(#206));
#1288=EDGE_LOOP('',(#207));
#1289=EDGE_LOOP('',(#208,#209,#210,#211,#212,#213,#214,#215));
#1290=EDGE_LOOP('',(#216));
#1291=EDGE_LOOP('',(#217));
#1292=EDGE_LOOP('',(#218,#219,#220,#221));
#1293=EDGE_LOOP('',(#222,#223,#224,#225));
#1294=EDGE_LOOP('',(#226,#227,#228,#229));
#1295=EDGE_LOOP('',(#230,#231,#232,#233));
#1296=EDGE_LOOP('',(#234,#235,#236,#237));
#1297=EDGE_LOOP('',(#238,#239,#240,#241));
#1298=EDGE_LOOP('',(#242,#243,#244,#245));
#1299=EDGE_LOOP('',(#246));
#1300=EDGE_LOOP('',(#247));
#1301=EDGE_LOOP('',(#248));
#1302=EDGE_LOOP('',(#249));
#1303=EDGE_LOOP('',(#250));
#1304=EDGE_LOOP('',(#251));
#1305=EDGE_LOOP('',(#252));
#1306=EDGE_LOOP('',(#253));
#1307=EDGE_LOOP('',(#254));
#1308=EDGE_LOOP('',(#255));
#1309=EDGE_LOOP('',(#256));
#1310=EDGE_LOOP('',(#257));
#1311=EDGE_LOOP('',(#258));
#1312=EDGE_LOOP('',(#259));
#1313=EDGE_LOOP('',(#260,#261,#262,#263));
#1314=EDGE_LOOP('',(#264));
#1315=EDGE_LOOP('',(#265));
#1316=EDGE_LOOP('',(#266));
#1317=EDGE_LOOP('',(#267));
#1318=EDGE_LOOP('',(#268));
#1319=EDGE_LOOP('',(#269));
#1320=EDGE_LOOP('',(#270));
#1321=EDGE_LOOP('',(#271,#272,#273,#274,#275,#276,#277,#278,#279,#280,#281,
#282,#283,#284,#285,#286));
#1322=EDGE_LOOP('',(#287));
#1323=EDGE_LOOP('',(#288));
#1324=EDGE_LOOP('',(#289));
#1325=EDGE_LOOP('',(#290));
#1326=EDGE_LOOP('',(#291));
#1327=EDGE_LOOP('',(#292));
#1328=EDGE_LOOP('',(#293));
#1329=EDGE_LOOP('',(#294,#295,#296,#297,#298,#299,#300,#301,#302,#303,#304,
#305,#306,#307,#308,#309));
#1330=EDGE_LOOP('',(#310,#311,#312,#313));
#1331=EDGE_LOOP('',(#314,#315,#316,#317));
#1332=EDGE_LOOP('',(#318,#319,#320,#321));
#1333=EDGE_LOOP('',(#322,#323,#324,#325));
#1334=EDGE_LOOP('',(#326,#327,#328,#329));
#1335=EDGE_LOOP('',(#330,#331,#332,#333));
#1336=EDGE_LOOP('',(#334,#335,#336,#337));
#1337=EDGE_LOOP('',(#338,#339,#340,#341));
#1338=EDGE_LOOP('',(#342,#343,#344,#345,#346,#347,#348,#349));
#1339=EDGE_LOOP('',(#350,#351,#352,#353,#354,#355));
#1340=EDGE_LOOP('',(#356,#357,#358,#359,#360,#361));
#1341=EDGE_LOOP('',(#362,#363,#364,#365));
#1342=EDGE_LOOP('',(#366,#367,#368,#369));
#1343=EDGE_LOOP('',(#370,#371,#372,#373,#374,#375,#376,#377,#378,#379,#380,
#381));
#1344=EDGE_LOOP('',(#382,#383,#384,#385,#386,#387,#388,#389));
#1345=EDGE_LOOP('',(#390));
#1346=EDGE_LOOP('',(#391));
#1347=EDGE_LOOP('',(#392,#393,#394,#395,#396,#397,#398,#399));
#1348=EDGE_LOOP('',(#400,#401,#402,#403,#404,#405));
#1349=EDGE_LOOP('',(#406,#407,#408,#409));
#1350=EDGE_LOOP('',(#410,#411,#412,#413));
#1351=EDGE_LOOP('',(#414,#415,#416,#417));
#1352=EDGE_LOOP('',(#418));
#1353=EDGE_LOOP('',(#419,#420,#421,#422,#423,#424));
#1354=EDGE_LOOP('',(#425,#426,#427,#428));
#1355=EDGE_LOOP('',(#429,#430,#431,#432));
#1356=EDGE_LOOP('',(#433,#434,#435,#436));
#1357=EDGE_LOOP('',(#437,#438,#439,#440));
#1358=EDGE_LOOP('',(#441,#442,#443,#444,#445,#446,#447,#448));
#1359=EDGE_LOOP('',(#449,#450,#451,#452));
#1360=EDGE_LOOP('',(#453,#454,#455,#456));
#1361=EDGE_LOOP('',(#457,#458,#459,#460,#461,#462,#463,#464));
#1362=EDGE_LOOP('',(#465,#466,#467,#468));
#1363=EDGE_LOOP('',(#469,#470,#471,#472,#473,#474,#475,#476));
#1364=EDGE_LOOP('',(#477));
#1365=EDGE_LOOP('',(#478,#479,#480,#481));
#1366=EDGE_LOOP('',(#482,#483,#484,#485));
#1367=EDGE_LOOP('',(#486,#487,#488,#489,#490,#491,#492,#493));
#1368=EDGE_LOOP('',(#494,#495,#496,#497));
#1369=EDGE_LOOP('',(#498,#499,#500,#501));
#1370=EDGE_LOOP('',(#502));
#1371=EDGE_LOOP('',(#503));
#1372=EDGE_LOOP('',(#504,#505,#506,#507));
#1373=EDGE_LOOP('',(#508,#509,#510,#511));
#1374=EDGE_LOOP('',(#512));
#1375=EDGE_LOOP('',(#513));
#1376=EDGE_LOOP('',(#514,#515,#516,#517));
#1377=EDGE_LOOP('',(#518));
#1378=EDGE_LOOP('',(#519,#520,#521,#522,#523,#524));
#1379=EDGE_LOOP('',(#525,#526,#527,#528));
#1380=EDGE_LOOP('',(#529,#530,#531,#532));
#1381=EDGE_LOOP('',(#533,#534,#535,#536));
#1382=EDGE_LOOP('',(#537));
#1383=EDGE_LOOP('',(#538));
#1384=EDGE_LOOP('',(#539,#540,#541,#542,#543,#544));
#1385=EDGE_LOOP('',(#545));
#1386=EDGE_LOOP('',(#546,#547,#548,#549));
#1387=EDGE_LOOP('',(#550,#551,#552,#553));
#1388=EDGE_LOOP('',(#554,#555,#556,#557));
#1389=EDGE_LOOP('',(#558,#559,#560,#561));
#1390=EDGE_LOOP('',(#562,#563,#564,#565));
#1391=EDGE_LOOP('',(#566,#567,#568,#569));
#1392=EDGE_LOOP('',(#570,#571,#572,#573));
#1393=EDGE_LOOP('',(#574));
#1394=EDGE_LOOP('',(#575));
#1395=EDGE_LOOP('',(#576));
#1396=EDGE_LOOP('',(#577));
#1397=EDGE_LOOP('',(#578));
#1398=EDGE_LOOP('',(#579));
#1399=EDGE_LOOP('',(#580));
#1400=EDGE_LOOP('',(#581));
#1401=EDGE_LOOP('',(#582));
#1402=EDGE_LOOP('',(#583));
#1403=EDGE_LOOP('',(#584));
#1404=EDGE_LOOP('',(#585));
#1405=EDGE_LOOP('',(#586,#587,#588,#589));
#1406=EDGE_LOOP('',(#590));
#1407=EDGE_LOOP('',(#591));
#1408=EDGE_LOOP('',(#592));
#1409=EDGE_LOOP('',(#593));
#1410=EDGE_LOOP('',(#594));
#1411=EDGE_LOOP('',(#595));
#1412=EDGE_LOOP('',(#596,#597,#598,#599,#600,#601,#602,#603));
#1413=EDGE_LOOP('',(#604));
#1414=EDGE_LOOP('',(#605));
#1415=EDGE_LOOP('',(#606));
#1416=EDGE_LOOP('',(#607));
#1417=EDGE_LOOP('',(#608));
#1418=EDGE_LOOP('',(#609));
#1419=EDGE_LOOP('',(#610,#611,#612,#613,#614,#615,#616,#617));
#1420=FACE_BOUND('',#1274,.T.);
#1421=FACE_BOUND('',#1275,.T.);
#1422=FACE_BOUND('',#1276,.T.);
#1423=FACE_BOUND('',#1277,.T.);
#1424=FACE_BOUND('',#1278,.T.);
#1425=FACE_BOUND('',#1279,.T.);
#1426=FACE_BOUND('',#1280,.T.);
#1427=FACE_BOUND('',#1281,.T.);
#1428=FACE_BOUND('',#1282,.T.);
#1429=FACE_BOUND('',#1283,.T.);
#1430=FACE_BOUND('',#1284,.T.);
#1431=FACE_BOUND('',#1285,.T.);
#1432=FACE_BOUND('',#1286,.T.);
#1433=FACE_BOUND('',#1287,.T.);
#1434=FACE_BOUND('',#1288,.T.);
#1435=FACE_BOUND('',#1289,.T.);
#1436=FACE_BOUND('',#1290,.T.);
#1437=FACE_BOUND('',#1291,.T.);
#1438=FACE_BOUND('',#1292,.T.);
#1439=FACE_BOUND('',#1293,.T.);
#1440=FACE_BOUND('',#1294,.T.);
#1441=FACE_BOUND('',#1295,.T.);
#1442=FACE_BOUND('',#1296,.T.);
#1443=FACE_BOUND('',#1297,.T.);
#1444=FACE_BOUND('',#1298,.T.);
#1445=FACE_BOUND('',#1299,.T.);
#1446=FACE_BOUND('',#1300,.T.);
#1447=FACE_BOUND('',#1301,.T.);
#1448=FACE_BOUND('',#1302,.T.);
#1449=FACE_BOUND('',#1303,.T.);
#1450=FACE_BOUND('',#1304,.T.);
#1451=FACE_BOUND('',#1305,.T.);
#1452=FACE_BOUND('',#1306,.T.);
#1453=FACE_BOUND('',#1307,.T.);
#1454=FACE_BOUND('',#1308,.T.);
#1455=FACE_BOUND('',#1309,.T.);
#1456=FACE_BOUND('',#1310,.T.);
#1457=FACE_BOUND('',#1311,.T.);
#1458=FACE_BOUND('',#1312,.T.);
#1459=FACE_BOUND('',#1313,.T.);
#1460=FACE_BOUND('',#1314,.T.);
#1461=FACE_BOUND('',#1315,.T.);
#1462=FACE_BOUND('',#1316,.T.);
#1463=FACE_BOUND('',#1317,.T.);
#1464=FACE_BOUND('',#1318,.T.);
#1465=FACE_BOUND('',#1319,.T.);
#1466=FACE_BOUND('',#1320,.T.);
#1467=FACE_BOUND('',#1321,.T.);
#1468=FACE_BOUND('',#1322,.T.);
#1469=FACE_BOUND('',#1323,.T.);
#1470=FACE_BOUND('',#1324,.T.);
#1471=FACE_BOUND('',#1325,.T.);
#1472=FACE_BOUND('',#1326,.T.);
#1473=FACE_BOUND('',#1327,.T.);
#1474=FACE_BOUND('',#1328,.T.);
#1475=FACE_BOUND('',#1329,.T.);
#1476=FACE_BOUND('',#1330,.T.);
#1477=FACE_BOUND('',#1331,.T.);
#1478=FACE_BOUND('',#1332,.T.);
#1479=FACE_BOUND('',#1333,.T.);
#1480=FACE_BOUND('',#1334,.T.);
#1481=FACE_BOUND('',#1335,.T.);
#1482=FACE_BOUND('',#1336,.T.);
#1483=FACE_BOUND('',#1337,.T.);
#1484=FACE_BOUND('',#1338,.T.);
#1485=FACE_BOUND('',#1339,.T.);
#1486=FACE_BOUND('',#1340,.T.);
#1487=FACE_BOUND('',#1341,.T.);
#1488=FACE_BOUND('',#1342,.T.);
#1489=FACE_BOUND('',#1343,.T.);
#1490=FACE_BOUND('',#1344,.T.);
#1491=FACE_BOUND('',#1345,.T.);
#1492=FACE_BOUND('',#1346,.T.);
#1493=FACE_BOUND('',#1347,.T.);
#1494=FACE_BOUND('',#1348,.T.);
#1495=FACE_BOUND('',#1349,.T.);
#1496=FACE_BOUND('',#1350,.T.);
#1497=FACE_BOUND('',#1351,.T.);
#1498=FACE_BOUND('',#1352,.T.);
#1499=FACE_BOUND('',#1353,.T.);
#1500=FACE_BOUND('',#1354,.T.);
#1501=FACE_BOUND('',#1355,.T.);
#1502=FACE_BOUND('',#1356,.T.);
#1503=FACE_BOUND('',#1357,.T.);
#1504=FACE_BOUND('',#1358,.T.);
#1505=FACE_BOUND('',#1359,.T.);
#1506=FACE_BOUND('',#1360,.T.);
#1507=FACE_BOUND('',#1361,.T.);
#1508=FACE_BOUND('',#1362,.T.);
#1509=FACE_BOUND('',#1363,.T.);
#1510=FACE_BOUND('',#1364,.T.);
#1511=FACE_BOUND('',#1365,.T.);
#1512=FACE_BOUND('',#1366,.T.);
#1513=FACE_BOUND('',#1367,.T.);
#1514=FACE_BOUND('',#1368,.T.);
#1515=FACE_BOUND('',#1369,.T.);
#1516=FACE_BOUND('',#1370,.T.);
#1517=FACE_BOUND('',#1371,.T.);
#1518=FACE_BOUND('',#1372,.T.);
#1519=FACE_BOUND('',#1373,.T.);
#1520=FACE_BOUND('',#1374,.T.);
#1521=FACE_BOUND('',#1375,.T.);
#1522=FACE_BOUND('',#1376,.T.);
#1523=FACE_BOUND('',#1377,.T.);
#1524=FACE_BOUND('',#1378,.T.);
#1525=FACE_BOUND('',#1379,.T.);
#1526=FACE_BOUND('',#1380,.T.);
#1527=FACE_BOUND('',#1381,.T.);
#1528=FACE_BOUND('',#1382,.T.);
#1529=FACE_BOUND('',#1383,.T.);
#1530=FACE_BOUND('',#1384,.T.);
#1531=FACE_BOUND('',#1385,.T.);
#1532=FACE_BOUND('',#1386,.T.);
#1533=FACE_BOUND('',#1387,.T.);
#1534=FACE_BOUND('',#1388,.T.);
#1535=FACE_BOUND('',#1389,.T.);
#1536=FACE_BOUND('',#1390,.T.);
#1537=FACE_BOUND('',#1391,.T.);
#1538=FACE_BOUND('',#1392,.T.);
#1539=FACE_BOUND('',#1393,.T.);
#1540=FACE_BOUND('',#1394,.T.);
#1541=FACE_BOUND('',#1395,.T.);
#1542=FACE_BOUND('',#1396,.T.);
#1543=FACE_BOUND('',#1397,.T.);
#1544=FACE_BOUND('',#1398,.T.);
#1545=FACE_BOUND('',#1399,.T.);
#1546=FACE_BOUND('',#1400,.T.);
#1547=FACE_BOUND('',#1401,.T.);
#1548=FACE_BOUND('',#1402,.T.);
#1549=FACE_BOUND('',#1403,.T.);
#1550=FACE_BOUND('',#1404,.T.);
#1551=FACE_BOUND('',#1405,.T.);
#1552=FACE_BOUND('',#1406,.T.);
#1553=FACE_BOUND('',#1407,.T.);
#1554=FACE_BOUND('',#1408,.T.);
#1555=FACE_BOUND('',#1409,.T.);
#1556=FACE_BOUND('',#1410,.T.);
#1557=FACE_BOUND('',#1411,.T.);
#1558=FACE_BOUND('',#1412,.T.);
#1559=FACE_BOUND('',#1413,.T.);
#1560=FACE_BOUND('',#1414,.T.);
#1561=FACE_BOUND('',#1415,.T.);
#1562=FACE_BOUND('',#1416,.T.);
#1563=FACE_BOUND('',#1417,.T.);
#1564=FACE_BOUND('',#1418,.T.);
#1565=FACE_BOUND('',#1419,.T.);
#1566=PLANE('',#1749);
#1567=PLANE('',#1753);
#1568=PLANE('',#1757);
#1569=PLANE('',#1761);
#1570=PLANE('',#1771);
#1571=PLANE('',#1772);
#1572=PLANE('',#1774);
#1573=PLANE('',#1775);
#1574=PLANE('',#1776);
#1575=PLANE('',#1777);
#1576=PLANE('',#1778);
#1577=PLANE('',#1779);
#1578=PLANE('',#1780);
#1579=PLANE('',#1802);
#1580=PLANE('',#1803);
#1581=PLANE('',#1812);
#1582=PLANE('',#1830);
#1583=PLANE('',#1831);
#1584=PLANE('',#1832);
#1585=PLANE('',#1839);
#1586=PLANE('',#1850);
#1587=PLANE('',#1855);
#1588=PLANE('',#1857);
#1589=PLANE('',#1859);
#1590=PLANE('',#1863);
#1591=PLANE('',#1866);
#1592=PLANE('',#1867);
#1593=PLANE('',#1872);
#1594=PLANE('',#1877);
#1595=PLANE('',#1881);
#1596=PLANE('',#1882);
#1597=PLANE('',#1890);
#1598=PLANE('',#1893);
#1599=PLANE('',#1894);
#1600=PLANE('',#1895);
#1601=PLANE('',#1898);
#1602=PLANE('',#1901);
#1603=PLANE('',#1903);
#1604=PLANE('',#1907);
#1605=PLANE('',#1911);
#1606=PLANE('',#1915);
#1607=PLANE('',#1937);
#1608=PLANE('',#1938);
#1609=ADVANCED_FACE('',(#1420),#1566,.T.);
#1610=ADVANCED_FACE('',(#1421),#114,.T.);
#1611=ADVANCED_FACE('',(#1422),#1567,.F.);
#1612=ADVANCED_FACE('',(#1423),#115,.T.);
#1613=ADVANCED_FACE('',(#1424),#1568,.F.);
#1614=ADVANCED_FACE('',(#1425),#116,.T.);
#1615=ADVANCED_FACE('',(#1426),#1569,.T.);
#1616=ADVANCED_FACE('',(#1427,#1428),#117,.F.);
#1617=ADVANCED_FACE('',(#1429),#118,.T.);
#1618=ADVANCED_FACE('',(#1430,#1431),#119,.F.);
#1619=ADVANCED_FACE('',(#1432,#1433,#1434),#1570,.T.);
#1620=ADVANCED_FACE('',(#1435,#1436,#1437),#1571,.F.);
#1621=ADVANCED_FACE('',(#1438),#1572,.T.);
#1622=ADVANCED_FACE('',(#1439),#1573,.F.);
#1623=ADVANCED_FACE('',(#1440),#1574,.F.);
#1624=ADVANCED_FACE('',(#1441),#1575,.F.);
#1625=ADVANCED_FACE('',(#1442),#1576,.T.);
#1626=ADVANCED_FACE('',(#1443),#1577,.T.);
#1627=ADVANCED_FACE('',(#1444),#1578,.T.);
#1628=ADVANCED_FACE('',(#1445,#1446),#120,.F.);
#1629=ADVANCED_FACE('',(#1447,#1448),#121,.F.);
#1630=ADVANCED_FACE('',(#1449,#1450),#122,.F.);
#1631=ADVANCED_FACE('',(#1451,#1452),#123,.F.);
#1632=ADVANCED_FACE('',(#1453,#1454),#124,.F.);
#1633=ADVANCED_FACE('',(#1455,#1456),#125,.F.);
#1634=ADVANCED_FACE('',(#1457,#1458),#126,.F.);
#1635=ADVANCED_FACE('',(#1459),#1579,.T.);
#1636=ADVANCED_FACE('',(#1460,#1461,#1462,#1463,#1464,#1465,#1466,#1467),
#1580,.T.);
#1637=ADVANCED_FACE('',(#1468,#1469,#1470,#1471,#1472,#1473,#1474,#1475),
#1581,.F.);
#1638=ADVANCED_FACE('',(#1476),#127,.T.);
#1639=ADVANCED_FACE('',(#1477),#128,.T.);
#1640=ADVANCED_FACE('',(#1478),#129,.T.);
#1641=ADVANCED_FACE('',(#1479),#130,.T.);
#1642=ADVANCED_FACE('',(#1480),#131,.T.);
#1643=ADVANCED_FACE('',(#1481),#132,.F.);
#1644=ADVANCED_FACE('',(#1482),#133,.T.);
#1645=ADVANCED_FACE('',(#1483),#134,.T.);
#1646=ADVANCED_FACE('',(#1484),#1582,.F.);
#1647=ADVANCED_FACE('',(#1485),#1583,.T.);
#1648=ADVANCED_FACE('',(#1486),#1584,.F.);
#1649=ADVANCED_FACE('',(#1487),#135,.F.);
#1650=ADVANCED_FACE('',(#1488),#136,.F.);
#1651=ADVANCED_FACE('',(#1489,#1490,#1491,#1492),#1585,.T.);
#1652=ADVANCED_FACE('',(#1493),#1586,.F.);
#1653=ADVANCED_FACE('',(#1494),#1587,.T.);
#1654=ADVANCED_FACE('',(#1495),#137,.T.);
#1655=ADVANCED_FACE('',(#1496),#1588,.F.);
#1656=ADVANCED_FACE('',(#1497),#138,.T.);
#1657=ADVANCED_FACE('',(#1498,#1499),#1589,.F.);
#1658=ADVANCED_FACE('',(#1500),#139,.T.);
#1659=ADVANCED_FACE('',(#1501),#1590,.T.);
#1660=ADVANCED_FACE('',(#1502),#140,.T.);
#1661=ADVANCED_FACE('',(#1503),#1591,.F.);
#1662=ADVANCED_FACE('',(#1504),#1592,.T.);
#1663=ADVANCED_FACE('',(#1505),#141,.T.);
#1664=ADVANCED_FACE('',(#1506),#142,.T.);
#1665=ADVANCED_FACE('',(#1507),#1593,.T.);
#1666=ADVANCED_FACE('',(#1508),#143,.F.);
#1667=ADVANCED_FACE('',(#1509,#1510),#1594,.T.);
#1668=ADVANCED_FACE('',(#1511),#144,.F.);
#1669=ADVANCED_FACE('',(#1512),#1595,.T.);
#1670=ADVANCED_FACE('',(#1513),#1596,.F.);
#1671=ADVANCED_FACE('',(#1514),#145,.F.);
#1672=ADVANCED_FACE('',(#1515),#146,.F.);
#1673=ADVANCED_FACE('',(#1516,#1517),#147,.F.);
#1674=ADVANCED_FACE('',(#1518),#148,.T.);
#1675=ADVANCED_FACE('',(#1519),#1597,.T.);
#1676=ADVANCED_FACE('',(#1520,#1521),#149,.F.);
#1677=ADVANCED_FACE('',(#1522),#1598,.F.);
#1678=ADVANCED_FACE('',(#1523,#1524),#1599,.F.);
#1679=ADVANCED_FACE('',(#1525),#1600,.F.);
#1680=ADVANCED_FACE('',(#1526),#150,.T.);
#1681=ADVANCED_FACE('',(#1527),#1601,.T.);
#1682=ADVANCED_FACE('',(#1528,#1529),#151,.F.);
#1683=ADVANCED_FACE('',(#1530,#1531),#1602,.F.);
#1684=ADVANCED_FACE('',(#1532),#1603,.T.);
#1685=ADVANCED_FACE('',(#1533),#152,.T.);
#1686=ADVANCED_FACE('',(#1534),#1604,.T.);
#1687=ADVANCED_FACE('',(#1535),#153,.T.);
#1688=ADVANCED_FACE('',(#1536),#1605,.F.);
#1689=ADVANCED_FACE('',(#1537),#154,.T.);
#1690=ADVANCED_FACE('',(#1538),#1606,.F.);
#1691=ADVANCED_FACE('',(#1539,#1540),#155,.F.);
#1692=ADVANCED_FACE('',(#1541,#1542),#156,.F.);
#1693=ADVANCED_FACE('',(#1543,#1544),#157,.F.);
#1694=ADVANCED_FACE('',(#1545,#1546),#158,.F.);
#1695=ADVANCED_FACE('',(#1547,#1548),#159,.F.);
#1696=ADVANCED_FACE('',(#1549,#1550),#160,.F.);
#1697=ADVANCED_FACE('',(#1551),#161,.T.);
#1698=ADVANCED_FACE('',(#1552,#1553,#1554,#1555,#1556,#1557,#1558),#1607,
 .T.);
#1699=ADVANCED_FACE('',(#1559,#1560,#1561,#1562,#1563,#1564,#1565),#1608,
 .F.);
#1700=CLOSED_SHELL('',(#1609,#1610,#1611,#1612,#1613,#1614,#1615,#1616,
#1617,#1618,#1619,#1620));
#1701=CLOSED_SHELL('',(#1621,#1622,#1623,#1624,#1625,#1626,#1627,#1628,
#1629,#1630,#1631,#1632,#1633,#1634,#1635,#1636,#1637,#1638,#1639,#1640,
#1641,#1642,#1643,#1644,#1645));
#1702=CLOSED_SHELL('',(#1646,#1647,#1648,#1649,#1650,#1651,#1652,#1653,
#1654,#1655,#1656,#1657,#1658,#1659,#1660,#1661,#1662,#1663,#1664,#1665,
#1666,#1667,#1668,#1669,#1670,#1671,#1672,#1673,#1674,#1675,#1676,#1677,
#1678,#1679,#1680,#1681,#1682,#1683));
#1703=CLOSED_SHELL('',(#1684,#1685,#1686,#1687,#1688,#1689,#1690,#1691,
#1692,#1693,#1694,#1695,#1696,#1697,#1698,#1699));
#1704=STYLED_ITEM('',(#1708),#1736);
#1705=STYLED_ITEM('',(#1709),#1737);
#1706=STYLED_ITEM('',(#1710),#1738);
#1707=STYLED_ITEM('',(#1711),#1739);
#1708=PRESENTATION_STYLE_ASSIGNMENT((#1712));
#1709=PRESENTATION_STYLE_ASSIGNMENT((#1713));
#1710=PRESENTATION_STYLE_ASSIGNMENT((#1714));
#1711=PRESENTATION_STYLE_ASSIGNMENT((#1715));
#1712=SURFACE_STYLE_USAGE(.BOTH.,#1716);
#1713=SURFACE_STYLE_USAGE(.BOTH.,#1717);
#1714=SURFACE_STYLE_USAGE(.BOTH.,#1718);
#1715=SURFACE_STYLE_USAGE(.BOTH.,#1719);
#1716=SURFACE_SIDE_STYLE('',(#1720));
#1717=SURFACE_SIDE_STYLE('',(#1721));
#1718=SURFACE_SIDE_STYLE('',(#1722));
#1719=SURFACE_SIDE_STYLE('',(#1723));
#1720=SURFACE_STYLE_FILL_AREA(#1724);
#1721=SURFACE_STYLE_FILL_AREA(#1725);
#1722=SURFACE_STYLE_FILL_AREA(#1726);
#1723=SURFACE_STYLE_FILL_AREA(#1727);
#1724=FILL_AREA_STYLE('',(#1728));
#1725=FILL_AREA_STYLE('',(#1729));
#1726=FILL_AREA_STYLE('',(#1730));
#1727=FILL_AREA_STYLE('',(#1731));
#1728=FILL_AREA_STYLE_COLOUR('',#1732);
#1729=FILL_AREA_STYLE_COLOUR('',#1733);
#1730=FILL_AREA_STYLE_COLOUR('',#1734);
#1731=FILL_AREA_STYLE_COLOUR('',#1735);
#1732=COLOUR_RGB('',0.917647058823529,0.917647058823529,0.917647058823529);
#1733=COLOUR_RGB('',0.8,0.776470588235294,0.713725490196078);
#1734=COLOUR_RGB('',0.231372549019608,0.380392156862745,0.705882352941177);
#1735=COLOUR_RGB('',0.647058823529412,0.647058823529412,0.647058823529412);
#1736=MANIFOLD_SOLID_BREP('Lid',#1700);
#1737=MANIFOLD_SOLID_BREP('CenterPlate',#1701);
#1738=MANIFOLD_SOLID_BREP('Enclosure',#1702);
#1739=MANIFOLD_SOLID_BREP('Camera Mount',#1703);
#1740=SHAPE_DEFINITION_REPRESENTATION(#2964,#1744);
#1741=SHAPE_DEFINITION_REPRESENTATION(#2965,#1745);
#1742=SHAPE_DEFINITION_REPRESENTATION(#2966,#1746);
#1743=SHAPE_DEFINITION_REPRESENTATION(#2967,#1747);
#1744=SHAPE_REPRESENTATION('Lid',(#1748),#2944);
#1745=SHAPE_REPRESENTATION('CenterPlate',(#1773),#2945);
#1746=SHAPE_REPRESENTATION('Enclosure',(#1829),#2946);
#1747=SHAPE_REPRESENTATION('Camera Mount',(#1902),#2947);
#1748=AXIS2_PLACEMENT_3D('',#2453,#1939,#1940);
#1749=AXIS2_PLACEMENT_3D('',#2454,#1941,#1942);
#1750=AXIS2_PLACEMENT_3D('',#2463,#1947,#1948);
#1751=AXIS2_PLACEMENT_3D('',#2464,#1949,#1950);
#1752=AXIS2_PLACEMENT_3D('',#2468,#1952,#1953);
#1753=AXIS2_PLACEMENT_3D('',#2469,#1954,#1955);
#1754=AXIS2_PLACEMENT_3D('',#2475,#1959,#1960);
#1755=AXIS2_PLACEMENT_3D('',#2476,#1961,#1962);
#1756=AXIS2_PLACEMENT_3D('',#2480,#1964,#1965);
#1757=AXIS2_PLACEMENT_3D('',#2481,#1966,#1967);
#1758=AXIS2_PLACEMENT_3D('',#2487,#1971,#1972);
#1759=AXIS2_PLACEMENT_3D('',#2488,#1973,#1974);
#1760=AXIS2_PLACEMENT_3D('',#2492,#1976,#1977);
#1761=AXIS2_PLACEMENT_3D('',#2493,#1978,#1979);
#1762=AXIS2_PLACEMENT_3D('',#2499,#1983,#1984);
#1763=AXIS2_PLACEMENT_3D('',#2500,#1985,#1986);
#1764=AXIS2_PLACEMENT_3D('',#2502,#1987,#1988);
#1765=AXIS2_PLACEMENT_3D('',#2504,#1989,#1990);
#1766=AXIS2_PLACEMENT_3D('',#2505,#1991,#1992);
#1767=AXIS2_PLACEMENT_3D('',#2506,#1993,#1994);
#1768=AXIS2_PLACEMENT_3D('',#2507,#1995,#1996);
#1769=AXIS2_PLACEMENT_3D('',#2508,#1997,#1998);
#1770=AXIS2_PLACEMENT_3D('',#2510,#1999,#2000);
#1771=AXIS2_PLACEMENT_3D('',#2512,#2001,#2002);
#1772=AXIS2_PLACEMENT_3D('',#2513,#2003,#2004);
#1773=AXIS2_PLACEMENT_3D('',#2514,#2005,#2006);
#1774=AXIS2_PLACEMENT_3D('',#2515,#2007,#2008);
#1775=AXIS2_PLACEMENT_3D('',#2524,#2013,#2014);
#1776=AXIS2_PLACEMENT_3D('',#2533,#2019,#2020);
#1777=AXIS2_PLACEMENT_3D('',#2542,#2025,#2026);
#1778=AXIS2_PLACEMENT_3D('',#2551,#2031,#2032);
#1779=AXIS2_PLACEMENT_3D('',#2560,#2037,#2038);
#1780=AXIS2_PLACEMENT_3D('',#2569,#2043,#2044);
#1781=AXIS2_PLACEMENT_3D('',#2578,#2049,#2050);
#1782=AXIS2_PLACEMENT_3D('',#2579,#2051,#2052);
#1783=AXIS2_PLACEMENT_3D('',#2581,#2053,#2054);
#1784=AXIS2_PLACEMENT_3D('',#2583,#2055,#2056);
#1785=AXIS2_PLACEMENT_3D('',#2584,#2057,#2058);
#1786=AXIS2_PLACEMENT_3D('',#2586,#2059,#2060);
#1787=AXIS2_PLACEMENT_3D('',#2588,#2061,#2062);
#1788=AXIS2_PLACEMENT_3D('',#2589,#2063,#2064);
#1789=AXIS2_PLACEMENT_3D('',#2591,#2065,#2066);
#1790=AXIS2_PLACEMENT_3D('',#2593,#2067,#2068);
#1791=AXIS2_PLACEMENT_3D('',#2594,#2069,#2070);
#1792=AXIS2_PLACEMENT_3D('',#2596,#2071,#2072);
#1793=AXIS2_PLACEMENT_3D('',#2598,#2073,#2074);
#1794=AXIS2_PLACEMENT_3D('',#2599,#2075,#2076);
#1795=AXIS2_PLACEMENT_3D('',#2601,#2077,#2078);
#1796=AXIS2_PLACEMENT_3D('',#2603,#2079,#2080);
#1797=AXIS2_PLACEMENT_3D('',#2604,#2081,#2082);
#1798=AXIS2_PLACEMENT_3D('',#2606,#2083,#2084);
#1799=AXIS2_PLACEMENT_3D('',#2608,#2085,#2086);
#1800=AXIS2_PLACEMENT_3D('',#2609,#2087,#2088);
#1801=AXIS2_PLACEMENT_3D('',#2611,#2089,#2090);
#1802=AXIS2_PLACEMENT_3D('',#2613,#2091,#2092);
#1803=AXIS2_PLACEMENT_3D('',#2622,#2097,#2098);
#1804=AXIS2_PLACEMENT_3D('',#2623,#2099,#2100);
#1805=AXIS2_PLACEMENT_3D('',#2624,#2101,#2102);
#1806=AXIS2_PLACEMENT_3D('',#2625,#2103,#2104);
#1807=AXIS2_PLACEMENT_3D('',#2626,#2105,#2106);
#1808=AXIS2_PLACEMENT_3D('',#2627,#2107,#2108);
#1809=AXIS2_PLACEMENT_3D('',#2628,#2109,#2110);
#1810=AXIS2_PLACEMENT_3D('',#2629,#2111,#2112);
#1811=AXIS2_PLACEMENT_3D('',#2630,#2113,#2114);
#1812=AXIS2_PLACEMENT_3D('',#2631,#2115,#2116);
#1813=AXIS2_PLACEMENT_3D('',#2632,#2117,#2118);
#1814=AXIS2_PLACEMENT_3D('',#2633,#2119,#2120);
#1815=AXIS2_PLACEMENT_3D('',#2634,#2121,#2122);
#1816=AXIS2_PLACEMENT_3D('',#2635,#2123,#2124);
#1817=AXIS2_PLACEMENT_3D('',#2636,#2125,#2126);
#1818=AXIS2_PLACEMENT_3D('',#2637,#2127,#2128);
#1819=AXIS2_PLACEMENT_3D('',#2638,#2129,#2130);
#1820=AXIS2_PLACEMENT_3D('',#2639,#2131,#2132);
#1821=AXIS2_PLACEMENT_3D('',#2640,#2133,#2134);
#1822=AXIS2_PLACEMENT_3D('',#2641,#2135,#2136);
#1823=AXIS2_PLACEMENT_3D('',#2642,#2137,#2138);
#1824=AXIS2_PLACEMENT_3D('',#2643,#2139,#2140);
#1825=AXIS2_PLACEMENT_3D('',#2644,#2141,#2142);
#1826=AXIS2_PLACEMENT_3D('',#2645,#2143,#2144);
#1827=AXIS2_PLACEMENT_3D('',#2646,#2145,#2146);
#1828=AXIS2_PLACEMENT_3D('',#2647,#2147,#2148);
#1829=AXIS2_PLACEMENT_3D('',#2648,#2149,#2150);
#1830=AXIS2_PLACEMENT_3D('',#2649,#2151,#2152);
#1831=AXIS2_PLACEMENT_3D('',#2666,#2161,#2162);
#1832=AXIS2_PLACEMENT_3D('',#2679,#2169,#2170);
#1833=AXIS2_PLACEMENT_3D('',#2692,#2177,#2178);
#1834=AXIS2_PLACEMENT_3D('',#2693,#2179,#2180);
#1835=AXIS2_PLACEMENT_3D('',#2694,#2181,#2182);
#1836=AXIS2_PLACEMENT_3D('',#2695,#2183,#2184);
#1837=AXIS2_PLACEMENT_3D('',#2699,#2186,#2187);
#1838=AXIS2_PLACEMENT_3D('',#2700,#2188,#2189);
#1839=AXIS2_PLACEMENT_3D('',#2701,#2190,#2191);
#1840=AXIS2_PLACEMENT_3D('',#2704,#2193,#2194);
#1841=AXIS2_PLACEMENT_3D('',#2707,#2196,#2197);
#1842=AXIS2_PLACEMENT_3D('',#2713,#2200,#2201);
#1843=AXIS2_PLACEMENT_3D('',#2716,#2203,#2204);
#1844=AXIS2_PLACEMENT_3D('',#2720,#2206,#2207);
#1845=AXIS2_PLACEMENT_3D('',#2724,#2209,#2210);
#1846=AXIS2_PLACEMENT_3D('',#2728,#2212,#2213);
#1847=AXIS2_PLACEMENT_3D('',#2732,#2215,#2216);
#1848=AXIS2_PLACEMENT_3D('',#2733,#2217,#2218);
#1849=AXIS2_PLACEMENT_3D('',#2735,#2219,#2220);
#1850=AXIS2_PLACEMENT_3D('',#2737,#2221,#2222);
#1851=AXIS2_PLACEMENT_3D('',#2741,#2224,#2225);
#1852=AXIS2_PLACEMENT_3D('',#2745,#2227,#2228);
#1853=AXIS2_PLACEMENT_3D('',#2749,#2230,#2231);
#1854=AXIS2_PLACEMENT_3D('',#2753,#2233,#2234);
#1855=AXIS2_PLACEMENT_3D('',#2754,#2235,#2236);
#1856=AXIS2_PLACEMENT_3D('',#2761,#2241,#2242);
#1857=AXIS2_PLACEMENT_3D('',#2763,#2244,#2245);
#1858=AXIS2_PLACEMENT_3D('',#2765,#2247,#2248);
#1859=AXIS2_PLACEMENT_3D('',#2767,#2250,#2251);
#1860=AXIS2_PLACEMENT_3D('',#2768,#2252,#2253);
#1861=AXIS2_PLACEMENT_3D('',#2775,#2257,#2258);
#1862=AXIS2_PLACEMENT_3D('',#2776,#2259,#2260);
#1863=AXIS2_PLACEMENT_3D('',#2779,#2262,#2263);
#1864=AXIS2_PLACEMENT_3D('',#2783,#2266,#2267);
#1865=AXIS2_PLACEMENT_3D('',#2784,#2268,#2269);
#1866=AXIS2_PLACEMENT_3D('',#2785,#2270,#2271);
#1867=AXIS2_PLACEMENT_3D('',#2791,#2275,#2276);
#1868=AXIS2_PLACEMENT_3D('',#2792,#2277,#2278);
#1869=AXIS2_PLACEMENT_3D('',#2793,#2279,#2280);
#1870=AXIS2_PLACEMENT_3D('',#2794,#2281,#2282);
#1871=AXIS2_PLACEMENT_3D('',#2795,#2283,#2284);
#1872=AXIS2_PLACEMENT_3D('',#2796,#2285,#2286);
#1873=AXIS2_PLACEMENT_3D('',#2800,#2288,#2289);
#1874=AXIS2_PLACEMENT_3D('',#2801,#2290,#2291);
#1875=AXIS2_PLACEMENT_3D('',#2805,#2293,#2294);
#1876=AXIS2_PLACEMENT_3D('',#2806,#2295,#2296);
#1877=AXIS2_PLACEMENT_3D('',#2808,#2298,#2299);
#1878=AXIS2_PLACEMENT_3D('',#2815,#2304,#2305);
#1879=AXIS2_PLACEMENT_3D('',#2817,#2306,#2307);
#1880=AXIS2_PLACEMENT_3D('',#2818,#2308,#2309);
#1881=AXIS2_PLACEMENT_3D('',#2819,#2310,#2311);
#1882=AXIS2_PLACEMENT_3D('',#2825,#2315,#2316);
#1883=AXIS2_PLACEMENT_3D('',#2826,#2317,#2318);
#1884=AXIS2_PLACEMENT_3D('',#2827,#2319,#2320);
#1885=AXIS2_PLACEMENT_3D('',#2828,#2321,#2322);
#1886=AXIS2_PLACEMENT_3D('',#2829,#2323,#2324);
#1887=AXIS2_PLACEMENT_3D('',#2830,#2325,#2326);
#1888=AXIS2_PLACEMENT_3D('',#2831,#2327,#2328);
#1889=AXIS2_PLACEMENT_3D('',#2834,#2330,#2331);
#1890=AXIS2_PLACEMENT_3D('',#2837,#2333,#2334);
#1891=AXIS2_PLACEMENT_3D('',#2839,#2336,#2337);
#1892=AXIS2_PLACEMENT_3D('',#2840,#2338,#2339);
#1893=AXIS2_PLACEMENT_3D('',#2842,#2340,#2341);
#1894=AXIS2_PLACEMENT_3D('',#2844,#2343,#2344);
#1895=AXIS2_PLACEMENT_3D('',#2845,#2345,#2346);
#1896=AXIS2_PLACEMENT_3D('',#2849,#2349,#2350);
#1897=AXIS2_PLACEMENT_3D('',#2850,#2351,#2352);
#1898=AXIS2_PLACEMENT_3D('',#2853,#2354,#2355);
#1899=AXIS2_PLACEMENT_3D('',#2855,#2357,#2358);
#1900=AXIS2_PLACEMENT_3D('',#2856,#2359,#2360);
#1901=AXIS2_PLACEMENT_3D('',#2858,#2361,#2362);
#1902=AXIS2_PLACEMENT_3D('',#2859,#2363,#2364);
#1903=AXIS2_PLACEMENT_3D('',#2860,#2365,#2366);
#1904=AXIS2_PLACEMENT_3D('',#2869,#2371,#2372);
#1905=AXIS2_PLACEMENT_3D('',#2870,#2373,#2374);
#1906=AXIS2_PLACEMENT_3D('',#2874,#2376,#2377);
#1907=AXIS2_PLACEMENT_3D('',#2875,#2378,#2379);
#1908=AXIS2_PLACEMENT_3D('',#2881,#2383,#2384);
#1909=AXIS2_PLACEMENT_3D('',#2882,#2385,#2386);
#1910=AXIS2_PLACEMENT_3D('',#2886,#2388,#2389);
#1911=AXIS2_PLACEMENT_3D('',#2887,#2390,#2391);
#1912=AXIS2_PLACEMENT_3D('',#2893,#2395,#2396);
#1913=AXIS2_PLACEMENT_3D('',#2894,#2397,#2398);
#1914=AXIS2_PLACEMENT_3D('',#2898,#2400,#2401);
#1915=AXIS2_PLACEMENT_3D('',#2899,#2402,#2403);
#1916=AXIS2_PLACEMENT_3D('',#2905,#2407,#2408);
#1917=AXIS2_PLACEMENT_3D('',#2906,#2409,#2410);
#1918=AXIS2_PLACEMENT_3D('',#2908,#2411,#2412);
#1919=AXIS2_PLACEMENT_3D('',#2910,#2413,#2414);
#1920=AXIS2_PLACEMENT_3D('',#2911,#2415,#2416);
#1921=AXIS2_PLACEMENT_3D('',#2913,#2417,#2418);
#1922=AXIS2_PLACEMENT_3D('',#2915,#2419,#2420);
#1923=AXIS2_PLACEMENT_3D('',#2916,#2421,#2422);
#1924=AXIS2_PLACEMENT_3D('',#2918,#2423,#2424);
#1925=AXIS2_PLACEMENT_3D('',#2920,#2425,#2426);
#1926=AXIS2_PLACEMENT_3D('',#2921,#2427,#2428);
#1927=AXIS2_PLACEMENT_3D('',#2923,#2429,#2430);
#1928=AXIS2_PLACEMENT_3D('',#2925,#2431,#2432);
#1929=AXIS2_PLACEMENT_3D('',#2926,#2433,#2434);
#1930=AXIS2_PLACEMENT_3D('',#2928,#2435,#2436);
#1931=AXIS2_PLACEMENT_3D('',#2930,#2437,#2438);
#1932=AXIS2_PLACEMENT_3D('',#2931,#2439,#2440);
#1933=AXIS2_PLACEMENT_3D('',#2933,#2441,#2442);
#1934=AXIS2_PLACEMENT_3D('',#2935,#2443,#2444);
#1935=AXIS2_PLACEMENT_3D('',#2936,#2445,#2446);
#1936=AXIS2_PLACEMENT_3D('',#2937,#2447,#2448);
#1937=AXIS2_PLACEMENT_3D('',#2938,#2449,#2450);
#1938=AXIS2_PLACEMENT_3D('',#2939,#2451,#2452);
#1939=DIRECTION('',(0.,0.,1.));
#1940=DIRECTION('',(1.,0.,0.));
#1941=DIRECTION('',(0.,1.,0.));
#1942=DIRECTION('',(0.,0.,1.));
#1943=DIRECTION('',(1.,0.,0.));
#1944=DIRECTION('',(0.,0.,-1.));
#1945=DIRECTION('',(1.,0.,0.));
#1946=DIRECTION('',(0.,0.,-1.));
#1947=DIRECTION('',(0.,0.,-1.));
#1948=DIRECTION('',(-1.,0.,0.));
#1949=DIRECTION('',(0.,0.,1.));
#1950=DIRECTION('',(0.,1.,-1.38777878078145E-15));
#1951=DIRECTION('',(0.,0.,-1.));
#1952=DIRECTION('',(0.,0.,1.));
#1953=DIRECTION('',(0.,1.,-1.38777878078145E-15));
#1954=DIRECTION('',(1.,0.,0.));
#1955=DIRECTION('',(0.,0.,-1.));
#1956=DIRECTION('',(0.,-1.,0.));
#1957=DIRECTION('',(0.,0.,-1.));
#1958=DIRECTION('',(0.,-1.,0.));
#1959=DIRECTION('',(0.,0.,-1.));
#1960=DIRECTION('',(-1.,0.,0.));
#1961=DIRECTION('',(0.,0.,1.));
#1962=DIRECTION('',(-1.,-2.08166817117217E-15,0.));
#1963=DIRECTION('',(0.,0.,-1.));
#1964=DIRECTION('',(0.,0.,1.));
#1965=DIRECTION('',(-1.,-2.08166817117217E-15,0.));
#1966=DIRECTION('',(0.,1.,0.));
#1967=DIRECTION('',(0.,0.,1.));
#1968=DIRECTION('',(1.,0.,0.));
#1969=DIRECTION('',(0.,0.,-1.));
#1970=DIRECTION('',(1.,0.,0.));
#1971=DIRECTION('',(0.,0.,-1.));
#1972=DIRECTION('',(-1.,0.,0.));
#1973=DIRECTION('',(0.,0.,1.));
#1974=DIRECTION('',(0.,-1.,0.));
#1975=DIRECTION('',(0.,0.,-1.));
#1976=DIRECTION('',(0.,0.,1.));
#1977=DIRECTION('',(0.,-1.,0.));
#1978=DIRECTION('',(1.,0.,0.));
#1979=DIRECTION('',(0.,0.,-1.));
#1980=DIRECTION('',(0.,-1.,0.));
#1981=DIRECTION('',(0.,0.,-1.));
#1982=DIRECTION('',(0.,-1.,0.));
#1983=DIRECTION('',(0.,0.,-1.));
#1984=DIRECTION('',(-1.,0.,0.));
#1985=DIRECTION('',(0.,0.,1.));
#1986=DIRECTION('',(1.,0.,0.));
#1987=DIRECTION('',(0.,0.,1.));
#1988=DIRECTION('',(1.,0.,0.));
#1989=DIRECTION('',(0.,0.,-1.));
#1990=DIRECTION('',(-1.,0.,0.));
#1991=DIRECTION('',(0.,0.,1.));
#1992=DIRECTION('',(1.,0.,0.));
#1993=DIRECTION('',(0.,0.,1.));
#1994=DIRECTION('',(1.,0.,0.));
#1995=DIRECTION('',(0.,0.,-1.));
#1996=DIRECTION('',(-1.,0.,0.));
#1997=DIRECTION('',(0.,0.,1.));
#1998=DIRECTION('',(1.,0.,0.));
#1999=DIRECTION('',(0.,0.,1.));
#2000=DIRECTION('',(1.,0.,0.));
#2001=DIRECTION('',(0.,0.,1.));
#2002=DIRECTION('',(1.,0.,0.));
#2003=DIRECTION('',(0.,0.,1.));
#2004=DIRECTION('',(1.,0.,0.));
#2005=DIRECTION('',(0.,0.,1.));
#2006=DIRECTION('',(1.,0.,0.));
#2007=DIRECTION('',(-1.,0.,0.));
#2008=DIRECTION('',(0.,0.,1.));
#2009=DIRECTION('',(0.,0.,1.));
#2010=DIRECTION('',(0.,1.,0.));
#2011=DIRECTION('',(0.,0.,1.));
#2012=DIRECTION('',(0.,1.,0.));
#2013=DIRECTION('',(0.,0.,1.));
#2014=DIRECTION('',(1.,0.,0.));
#2015=DIRECTION('',(1.,0.,0.));
#2016=DIRECTION('',(0.,1.,0.));
#2017=DIRECTION('',(1.,0.,0.));
#2018=DIRECTION('',(0.,1.,0.));
#2019=DIRECTION('',(1.,0.,0.));
#2020=DIRECTION('',(0.,0.,-1.));
#2021=DIRECTION('',(0.,0.,-1.));
#2022=DIRECTION('',(0.,1.,0.));
#2023=DIRECTION('',(0.,0.,-1.));
#2024=DIRECTION('',(0.,1.,0.));
#2025=DIRECTION('',(0.,0.,1.));
#2026=DIRECTION('',(1.,0.,0.));
#2027=DIRECTION('',(1.,0.,0.));
#2028=DIRECTION('',(0.,1.,0.));
#2029=DIRECTION('',(1.,0.,0.));
#2030=DIRECTION('',(0.,1.,0.));
#2031=DIRECTION('',(0.440370343294278,0.,-0.897816217689834));
#2032=DIRECTION('',(-0.897816217689834,0.,-0.440370343294278));
#2033=DIRECTION('',(-0.897816217689834,0.,-0.440370343294278));
#2034=DIRECTION('',(0.,1.,0.));
#2035=DIRECTION('',(-0.897816217689834,0.,-0.440370343294278));
#2036=DIRECTION('',(0.,1.,0.));
#2037=DIRECTION('',(0.897816217689834,0.,0.440370343294278));
#2038=DIRECTION('',(0.440370343294278,0.,-0.897816217689834));
#2039=DIRECTION('',(0.440370343294278,0.,-0.897816217689834));
#2040=DIRECTION('',(0.,1.,0.));
#2041=DIRECTION('',(0.440370343294278,0.,-0.897816217689834));
#2042=DIRECTION('',(0.,1.,0.));
#2043=DIRECTION('',(-0.440370343294277,0.,0.897816217689834));
#2044=DIRECTION('',(0.897816217689834,0.,0.440370343294277));
#2045=DIRECTION('',(0.897816217689834,0.,0.440370343294277));
#2046=DIRECTION('',(0.,1.,0.));
#2047=DIRECTION('',(0.897816217689834,0.,0.440370343294277));
#2048=DIRECTION('',(0.,1.,0.));
#2049=DIRECTION('',(0.,1.,0.));
#2050=DIRECTION('',(0.,0.,1.));
#2051=DIRECTION('',(0.,-1.,0.));
#2052=DIRECTION('',(1.,0.,0.));
#2053=DIRECTION('',(0.,-1.,0.));
#2054=DIRECTION('',(1.,0.,0.));
#2055=DIRECTION('',(0.,1.,0.));
#2056=DIRECTION('',(0.,0.,1.));
#2057=DIRECTION('',(0.,-1.,0.));
#2058=DIRECTION('',(1.,0.,0.));
#2059=DIRECTION('',(0.,-1.,0.));
#2060=DIRECTION('',(1.,0.,0.));
#2061=DIRECTION('',(0.,1.,0.));
#2062=DIRECTION('',(0.,0.,1.));
#2063=DIRECTION('',(0.,-1.,0.));
#2064=DIRECTION('',(0.998106122734275,0.,-0.0615155895716859));
#2065=DIRECTION('',(0.,-1.,0.));
#2066=DIRECTION('',(0.998106122734275,0.,-0.0615155895716859));
#2067=DIRECTION('',(0.,1.,0.));
#2068=DIRECTION('',(0.,0.,1.));
#2069=DIRECTION('',(0.,-1.,0.));
#2070=DIRECTION('',(1.,0.,0.));
#2071=DIRECTION('',(0.,-1.,0.));
#2072=DIRECTION('',(1.,0.,0.));
#2073=DIRECTION('',(0.,1.,0.));
#2074=DIRECTION('',(0.,0.,1.));
#2075=DIRECTION('',(0.,-1.,0.));
#2076=DIRECTION('',(1.,0.,0.));
#2077=DIRECTION('',(0.,-1.,0.));
#2078=DIRECTION('',(1.,0.,0.));
#2079=DIRECTION('',(0.,1.,0.));
#2080=DIRECTION('',(0.,0.,1.));
#2081=DIRECTION('',(0.,-1.,0.));
#2082=DIRECTION('',(1.,0.,0.));
#2083=DIRECTION('',(0.,-1.,0.));
#2084=DIRECTION('',(1.,0.,0.));
#2085=DIRECTION('',(0.,1.,0.));
#2086=DIRECTION('',(0.,0.,1.));
#2087=DIRECTION('',(0.,-1.,0.));
#2088=DIRECTION('',(1.,0.,0.));
#2089=DIRECTION('',(0.,-1.,0.));
#2090=DIRECTION('',(1.,0.,0.));
#2091=DIRECTION('',(-0.707106781186548,0.,0.707106781186547));
#2092=DIRECTION('',(0.707106781186547,0.,0.707106781186548));
#2093=DIRECTION('',(0.707106781186547,0.,0.707106781186548));
#2094=DIRECTION('',(0.,1.,0.));
#2095=DIRECTION('',(0.707106781186547,0.,0.707106781186548));
#2096=DIRECTION('',(0.,1.,0.));
#2097=DIRECTION('',(0.,-1.,0.));
#2098=DIRECTION('',(1.,0.,0.));
#2099=DIRECTION('',(0.,-1.,0.));
#2100=DIRECTION('',(0.,0.,-1.));
#2101=DIRECTION('',(0.,-1.,0.));
#2102=DIRECTION('',(0.,0.,-1.));
#2103=DIRECTION('',(0.,-1.,0.));
#2104=DIRECTION('',(0.,0.,-1.));
#2105=DIRECTION('',(0.,-1.,0.));
#2106=DIRECTION('',(0.,0.,-1.));
#2107=DIRECTION('',(0.,-1.,0.));
#2108=DIRECTION('',(0.,0.,-1.));
#2109=DIRECTION('',(0.,-1.,0.));
#2110=DIRECTION('',(0.,0.,-1.));
#2111=DIRECTION('',(0.,-1.,0.));
#2112=DIRECTION('',(0.,0.,-1.));
#2113=DIRECTION('',(0.,-1.,0.));
#2114=DIRECTION('',(0.,0.,-1.));
#2115=DIRECTION('',(0.,-1.,0.));
#2116=DIRECTION('',(1.,0.,0.));
#2117=DIRECTION('',(0.,-1.,0.));
#2118=DIRECTION('',(0.,0.,-1.));
#2119=DIRECTION('',(0.,-1.,0.));
#2120=DIRECTION('',(0.,0.,-1.));
#2121=DIRECTION('',(0.,-1.,0.));
#2122=DIRECTION('',(0.,0.,-1.));
#2123=DIRECTION('',(0.,-1.,0.));
#2124=DIRECTION('',(0.,0.,-1.));
#2125=DIRECTION('',(0.,-1.,0.));
#2126=DIRECTION('',(0.,0.,-1.));
#2127=DIRECTION('',(0.,-1.,0.));
#2128=DIRECTION('',(0.,0.,-1.));
#2129=DIRECTION('',(0.,-1.,0.));
#2130=DIRECTION('',(0.,0.,-1.));
#2131=DIRECTION('',(0.,-1.,0.));
#2132=DIRECTION('',(0.,0.,-1.));
#2133=DIRECTION('',(0.,1.,0.));
#2134=DIRECTION('',(0.,0.,1.));
#2135=DIRECTION('',(0.,-1.,0.));
#2136=DIRECTION('',(0.,0.,-1.));
#2137=DIRECTION('',(0.,1.,0.));
#2138=DIRECTION('',(0.,0.,1.));
#2139=DIRECTION('',(0.,1.,0.));
#2140=DIRECTION('',(0.,0.,1.));
#2141=DIRECTION('',(0.,1.,0.));
#2142=DIRECTION('',(0.,0.,1.));
#2143=DIRECTION('',(0.,-1.,0.));
#2144=DIRECTION('',(0.,0.,-1.));
#2145=DIRECTION('',(0.,-1.,0.));
#2146=DIRECTION('',(0.,0.,-1.));
#2147=DIRECTION('',(0.,1.,0.));
#2148=DIRECTION('',(0.,0.,1.));
#2149=DIRECTION('',(0.,0.,1.));
#2150=DIRECTION('',(1.,0.,0.));
#2151=DIRECTION('',(0.,1.,0.));
#2152=DIRECTION('',(0.,0.,1.));
#2153=DIRECTION('',(0.,0.,1.));
#2154=DIRECTION('',(1.,0.,0.));
#2155=DIRECTION('',(0.,0.,-1.));
#2156=DIRECTION('',(1.,0.,0.));
#2157=DIRECTION('',(0.,0.,1.));
#2158=DIRECTION('',(1.,0.,0.));
#2159=DIRECTION('',(0.,0.,1.));
#2160=DIRECTION('',(1.,0.,0.));
#2161=DIRECTION('',(1.,0.,0.));
#2162=DIRECTION('',(0.,0.,-1.));
#2163=DIRECTION('',(0.,0.,-1.));
#2164=DIRECTION('',(0.,-1.,0.));
#2165=DIRECTION('',(0.,0.,1.));
#2166=DIRECTION('',(0.,-1.,0.));
#2167=DIRECTION('',(0.,0.,-1.));
#2168=DIRECTION('',(0.,-1.,0.));
#2169=DIRECTION('',(1.,0.,0.));
#2170=DIRECTION('',(0.,0.,-1.));
#2171=DIRECTION('',(0.,-1.,0.));
#2172=DIRECTION('',(0.,0.,1.));
#2173=DIRECTION('',(0.,-1.,0.));
#2174=DIRECTION('',(0.,0.,-1.));
#2175=DIRECTION('',(0.,-1.,0.));
#2176=DIRECTION('',(0.,0.,-1.));
#2177=DIRECTION('',(0.,0.,-1.));
#2178=DIRECTION('',(-1.,0.,0.));
#2179=DIRECTION('',(0.,0.,1.));
#2180=DIRECTION('',(1.,0.,0.));
#2181=DIRECTION('',(0.,0.,1.));
#2182=DIRECTION('',(1.,0.,0.));
#2183=DIRECTION('',(0.,0.,-1.));
#2184=DIRECTION('',(-1.,0.,0.));
#2185=DIRECTION('',(0.,0.,-1.));
#2186=DIRECTION('',(0.,0.,1.));
#2187=DIRECTION('',(1.,0.,0.));
#2188=DIRECTION('',(0.,0.,-1.));
#2189=DIRECTION('',(-1.,0.,0.));
#2190=DIRECTION('',(0.,0.,1.));
#2191=DIRECTION('',(1.,0.,0.));
#2192=DIRECTION('',(-9.251858538543E-16,1.,0.));
#2193=DIRECTION('',(0.,0.,1.));
#2194=DIRECTION('',(1.,0.,0.));
#2195=DIRECTION('',(1.,0.,0.));
#2196=DIRECTION('',(0.,0.,1.));
#2197=DIRECTION('',(0.,1.,-5.5511151231258E-15));
#2198=DIRECTION('',(0.,-1.,0.));
#2199=DIRECTION('',(1.,0.,0.));
#2200=DIRECTION('',(0.,0.,1.));
#2201=DIRECTION('',(1.,0.,0.));
#2202=DIRECTION('',(-1.,1.15648231731787E-16,0.));
#2203=DIRECTION('',(0.,0.,1.));
#2204=DIRECTION('',(0.,-1.,-5.55111512312578E-15));
#2205=DIRECTION('',(1.,0.,0.));
#2206=DIRECTION('',(0.,0.,1.));
#2207=DIRECTION('',(0.,1.,-1.38777878078145E-15));
#2208=DIRECTION('',(0.,-1.,0.));
#2209=DIRECTION('',(0.,0.,1.));
#2210=DIRECTION('',(-1.,-2.08166817117217E-15,0.));
#2211=DIRECTION('',(1.,0.,0.));
#2212=DIRECTION('',(0.,0.,1.));
#2213=DIRECTION('',(0.,-1.,0.));
#2214=DIRECTION('',(0.,-1.,0.));
#2215=DIRECTION('',(0.,0.,1.));
#2216=DIRECTION('',(1.,0.,0.));
#2217=DIRECTION('',(0.,0.,1.));
#2218=DIRECTION('',(1.,0.,0.));
#2219=DIRECTION('',(0.,0.,1.));
#2220=DIRECTION('',(1.,0.,0.));
#2221=DIRECTION('',(0.,0.,1.));
#2222=DIRECTION('',(1.,0.,0.));
#2223=DIRECTION('',(7.70988211545248E-17,1.,0.));
#2224=DIRECTION('',(0.,0.,1.));
#2225=DIRECTION('',(1.,0.,0.));
#2226=DIRECTION('',(1.,0.,0.));
#2227=DIRECTION('',(0.,0.,1.));
#2228=DIRECTION('',(-1.,-2.08166817117217E-15,0.));
#2229=DIRECTION('',(0.,-1.,0.));
#2230=DIRECTION('',(0.,0.,1.));
#2231=DIRECTION('',(0.,1.,-1.38777878078145E-15));
#2232=DIRECTION('',(1.,0.,0.));
#2233=DIRECTION('',(0.,0.,1.));
#2234=DIRECTION('',(1.,0.,0.));
#2235=DIRECTION('',(0.,1.,0.));
#2236=DIRECTION('',(0.,0.,1.));
#2237=DIRECTION('',(1.,0.,0.));
#2238=DIRECTION('',(0.,0.,1.));
#2239=DIRECTION('',(0.,0.,-1.));
#2240=DIRECTION('',(0.,0.,-1.));
#2241=DIRECTION('',(0.,0.,-1.));
#2242=DIRECTION('',(-1.,0.,0.));
#2243=DIRECTION('',(0.,0.,-1.));
#2244=DIRECTION('',(1.,0.,0.));
#2245=DIRECTION('',(0.,0.,-1.));
#2246=DIRECTION('',(0.,0.,-1.));
#2247=DIRECTION('',(0.,0.,-1.));
#2248=DIRECTION('',(-1.,0.,0.));
#2249=DIRECTION('',(0.,0.,-1.));
#2250=DIRECTION('',(0.,1.,0.));
#2251=DIRECTION('',(0.,0.,1.));
#2252=DIRECTION('',(0.,-1.,0.));
#2253=DIRECTION('',(1.,0.,0.));
#2254=DIRECTION('',(0.,0.,1.));
#2255=DIRECTION('',(1.,0.,0.));
#2256=DIRECTION('',(0.,0.,-1.));
#2257=DIRECTION('',(0.,0.,-1.));
#2258=DIRECTION('',(-1.,0.,0.));
#2259=DIRECTION('',(0.,0.,1.));
#2260=DIRECTION('',(0.,-1.,0.));
#2261=DIRECTION('',(0.,0.,-1.));
#2262=DIRECTION('',(1.,0.,0.));
#2263=DIRECTION('',(0.,0.,-1.));
#2264=DIRECTION('',(0.,-1.,0.));
#2265=DIRECTION('',(0.,0.,-1.));
#2266=DIRECTION('',(0.,0.,-1.));
#2267=DIRECTION('',(-1.,0.,0.));
#2268=DIRECTION('',(0.,0.,1.));
#2269=DIRECTION('',(1.,0.,0.));
#2270=DIRECTION('',(1.,-7.70988211545248E-17,0.));
#2271=DIRECTION('',(7.70988211545248E-17,1.,0.));
#2272=DIRECTION('',(7.70988211545248E-17,1.,0.));
#2273=DIRECTION('',(0.,0.,1.));
#2274=DIRECTION('',(0.,0.,1.));
#2275=DIRECTION('',(0.,0.,-1.));
#2276=DIRECTION('',(1.,0.,0.));
#2277=DIRECTION('',(0.,0.,-1.));
#2278=DIRECTION('',(-1.,0.,0.));
#2279=DIRECTION('',(0.,0.,-1.));
#2280=DIRECTION('',(-1.,0.,0.));
#2281=DIRECTION('',(0.,0.,1.));
#2282=DIRECTION('',(1.,0.,0.));
#2283=DIRECTION('',(0.,0.,-1.));
#2284=DIRECTION('',(-1.,0.,0.));
#2285=DIRECTION('',(0.,0.,1.));
#2286=DIRECTION('',(1.,0.,0.));
#2287=DIRECTION('',(7.70988211545248E-17,1.,0.));
#2288=DIRECTION('',(0.,0.,1.));
#2289=DIRECTION('',(1.,0.,0.));
#2290=DIRECTION('',(0.,0.,1.));
#2291=DIRECTION('',(1.,0.,0.));
#2292=DIRECTION('',(1.,0.,0.));
#2293=DIRECTION('',(0.,0.,1.));
#2294=DIRECTION('',(1.,0.,0.));
#2295=DIRECTION('',(0.,0.,-1.));
#2296=DIRECTION('',(-1.,0.,0.));
#2297=DIRECTION('',(0.,0.,1.));
#2298=DIRECTION('',(0.,1.,0.));
#2299=DIRECTION('',(0.,0.,1.));
#2300=DIRECTION('',(0.,0.,1.));
#2301=DIRECTION('',(1.,0.,0.));
#2302=DIRECTION('',(1.,0.,0.));
#2303=DIRECTION('',(0.,0.,1.));
#2304=DIRECTION('',(0.,1.,0.));
#2305=DIRECTION('',(0.,0.,1.));
#2306=DIRECTION('',(0.,0.,-1.));
#2307=DIRECTION('',(-1.,0.,0.));
#2308=DIRECTION('',(0.,0.,-1.));
#2309=DIRECTION('',(-1.,0.,0.));
#2310=DIRECTION('',(1.,-7.70988211545248E-17,0.));
#2311=DIRECTION('',(7.70988211545248E-17,1.,0.));
#2312=DIRECTION('',(7.70988211545248E-17,1.,0.));
#2313=DIRECTION('',(0.,0.,1.));
#2314=DIRECTION('',(0.,0.,1.));
#2315=DIRECTION('',(0.,0.,-1.));
#2316=DIRECTION('',(1.,0.,0.));
#2317=DIRECTION('',(0.,0.,-1.));
#2318=DIRECTION('',(-1.,0.,0.));
#2319=DIRECTION('',(0.,0.,-1.));
#2320=DIRECTION('',(-1.,0.,0.));
#2321=DIRECTION('',(0.,0.,1.));
#2322=DIRECTION('',(1.,0.,0.));
#2323=DIRECTION('',(0.,0.,-1.));
#2324=DIRECTION('',(-1.,0.,0.));
#2325=DIRECTION('',(0.,-1.,0.));
#2326=DIRECTION('',(0.,0.,-1.));
#2327=DIRECTION('',(0.,0.,1.));
#2328=DIRECTION('',(1.,0.,0.));
#2329=DIRECTION('',(0.,0.,1.));
#2330=DIRECTION('',(0.,0.,1.));
#2331=DIRECTION('',(0.,1.,-5.5511151231258E-15));
#2332=DIRECTION('',(0.,0.,1.));
#2333=DIRECTION('',(-1.,0.,0.));
#2334=DIRECTION('',(0.,0.,1.));
#2335=DIRECTION('',(0.,-1.,0.));
#2336=DIRECTION('',(0.,0.,1.));
#2337=DIRECTION('',(1.,0.,0.));
#2338=DIRECTION('',(0.,0.,1.));
#2339=DIRECTION('',(1.,0.,0.));
#2340=DIRECTION('',(0.,-1.,0.));
#2341=DIRECTION('',(0.,0.,-1.));
#2342=DIRECTION('',(1.,0.,0.));
#2343=DIRECTION('',(0.,0.,1.));
#2344=DIRECTION('',(1.,0.,0.));
#2345=DIRECTION('',(1.15648231731787E-16,1.,0.));
#2346=DIRECTION('',(-1.,1.15648231731787E-16,0.));
#2347=DIRECTION('',(-1.,1.15648231731787E-16,0.));
#2348=DIRECTION('',(0.,0.,1.));
#2349=DIRECTION('',(0.,0.,1.));
#2350=DIRECTION('',(1.,0.,0.));
#2351=DIRECTION('',(0.,0.,1.));
#2352=DIRECTION('',(0.,-1.,-5.55111512312578E-15));
#2353=DIRECTION('',(0.,0.,1.));
#2354=DIRECTION('',(1.,9.251858538543E-16,0.));
#2355=DIRECTION('',(-9.251858538543E-16,1.,0.));
#2356=DIRECTION('',(-9.251858538543E-16,1.,0.));
#2357=DIRECTION('',(0.,0.,1.));
#2358=DIRECTION('',(1.,0.,0.));
#2359=DIRECTION('',(0.,0.,1.));
#2360=DIRECTION('',(1.,0.,0.));
#2361=DIRECTION('',(0.,0.,1.));
#2362=DIRECTION('',(1.,0.,0.));
#2363=DIRECTION('',(0.,0.,1.));
#2364=DIRECTION('',(1.,0.,0.));
#2365=DIRECTION('',(1.,0.,0.));
#2366=DIRECTION('',(0.,0.,-1.));
#2367=DIRECTION('',(0.,0.,-1.));
#2368=DIRECTION('',(0.,1.,0.));
#2369=DIRECTION('',(0.,0.,-1.));
#2370=DIRECTION('',(0.,1.,0.));
#2371=DIRECTION('',(0.,1.,0.));
#2372=DIRECTION('',(0.,0.,1.));
#2373=DIRECTION('',(0.,-1.,0.));
#2374=DIRECTION('',(1.,0.,0.));
#2375=DIRECTION('',(0.,1.,0.));
#2376=DIRECTION('',(0.,-1.,0.));
#2377=DIRECTION('',(1.,0.,0.));
#2378=DIRECTION('',(0.,0.,1.));
#2379=DIRECTION('',(1.,0.,0.));
#2380=DIRECTION('',(1.,0.,0.));
#2381=DIRECTION('',(0.,1.,0.));
#2382=DIRECTION('',(1.,0.,0.));
#2383=DIRECTION('',(0.,1.,0.));
#2384=DIRECTION('',(0.,0.,1.));
#2385=DIRECTION('',(0.,-1.,0.));
#2386=DIRECTION('',(0.,0.,1.));
#2387=DIRECTION('',(0.,1.,0.));
#2388=DIRECTION('',(0.,-1.,0.));
#2389=DIRECTION('',(0.,0.,1.));
#2390=DIRECTION('',(1.,0.,0.));
#2391=DIRECTION('',(0.,0.,-1.));
#2392=DIRECTION('',(0.,0.,-1.));
#2393=DIRECTION('',(0.,1.,0.));
#2394=DIRECTION('',(0.,0.,-1.));
#2395=DIRECTION('',(0.,1.,0.));
#2396=DIRECTION('',(0.,0.,1.));
#2397=DIRECTION('',(0.,-1.,0.));
#2398=DIRECTION('',(-1.,0.,0.));
#2399=DIRECTION('',(0.,1.,0.));
#2400=DIRECTION('',(0.,-1.,0.));
#2401=DIRECTION('',(-1.,0.,0.));
#2402=DIRECTION('',(0.,0.,1.));
#2403=DIRECTION('',(1.,0.,0.));
#2404=DIRECTION('',(1.,0.,0.));
#2405=DIRECTION('',(0.,1.,0.));
#2406=DIRECTION('',(1.,0.,0.));
#2407=DIRECTION('',(0.,1.,0.));
#2408=DIRECTION('',(0.,0.,1.));
#2409=DIRECTION('',(0.,-1.,0.));
#2410=DIRECTION('',(1.,0.,0.));
#2411=DIRECTION('',(0.,-1.,0.));
#2412=DIRECTION('',(1.,0.,0.));
#2413=DIRECTION('',(0.,1.,0.));
#2414=DIRECTION('',(0.,0.,1.));
#2415=DIRECTION('',(0.,-1.,0.));
#2416=DIRECTION('',(1.,0.,0.));
#2417=DIRECTION('',(0.,-1.,0.));
#2418=DIRECTION('',(1.,0.,0.));
#2419=DIRECTION('',(0.,1.,0.));
#2420=DIRECTION('',(0.,0.,1.));
#2421=DIRECTION('',(0.,-1.,0.));
#2422=DIRECTION('',(1.,0.,0.));
#2423=DIRECTION('',(0.,-1.,0.));
#2424=DIRECTION('',(1.,0.,0.));
#2425=DIRECTION('',(0.,1.,0.));
#2426=DIRECTION('',(0.,0.,1.));
#2427=DIRECTION('',(0.,-1.,0.));
#2428=DIRECTION('',(1.,0.,0.));
#2429=DIRECTION('',(0.,-1.,0.));
#2430=DIRECTION('',(1.,0.,0.));
#2431=DIRECTION('',(0.,1.,0.));
#2432=DIRECTION('',(0.,0.,1.));
#2433=DIRECTION('',(0.,-1.,0.));
#2434=DIRECTION('',(1.,0.,0.));
#2435=DIRECTION('',(0.,-1.,0.));
#2436=DIRECTION('',(1.,0.,0.));
#2437=DIRECTION('',(0.,1.,0.));
#2438=DIRECTION('',(0.,0.,1.));
#2439=DIRECTION('',(0.,-1.,0.));
#2440=DIRECTION('',(0.,0.,-1.));
#2441=DIRECTION('',(0.,-1.,0.));
#2442=DIRECTION('',(0.,0.,-1.));
#2443=DIRECTION('',(0.,1.,0.));
#2444=DIRECTION('',(0.,0.,1.));
#2445=DIRECTION('',(0.,-1.,0.));
#2446=DIRECTION('',(0.,0.,-1.));
#2447=DIRECTION('',(0.,-1.,0.));
#2448=DIRECTION('',(0.,0.,-1.));
#2449=DIRECTION('',(0.,-1.,0.));
#2450=DIRECTION('',(1.,0.,0.));
#2451=DIRECTION('',(0.,-1.,0.));
#2452=DIRECTION('',(1.,0.,0.));
#2453=CARTESIAN_POINT('',(0.,0.,0.));
#2454=CARTESIAN_POINT('',(0.0250739224873508,0.0225,0.121194258567289));
#2455=CARTESIAN_POINT('',(0.0250739224873508,0.0225,0.116194258567289));
#2456=CARTESIAN_POINT('',(-0.06,0.0225,0.116194258567289));
#2457=CARTESIAN_POINT('',(0.110147844974702,0.0225,0.116194258567289));
#2458=CARTESIAN_POINT('',(-0.06,0.0225,0.121194258567289));
#2459=CARTESIAN_POINT('',(-0.06,0.0225,0.121194258567289));
#2460=CARTESIAN_POINT('',(0.0250739224873508,0.0225,0.121194258567289));
#2461=CARTESIAN_POINT('',(0.110147844974702,0.0225,0.121194258567289));
#2462=CARTESIAN_POINT('',(0.110147844974702,0.0225,0.121194258567289));
#2463=CARTESIAN_POINT('',(-0.06,0.0125,0.121194258567289));
#2464=CARTESIAN_POINT('',(-0.06,0.0125,0.116194258567289));
#2465=CARTESIAN_POINT('',(-0.07,0.0125,0.116194258567289));
#2466=CARTESIAN_POINT('',(-0.07,0.0125,0.121194258567289));
#2467=CARTESIAN_POINT('',(-0.07,0.0125,0.121194258567289));
#2468=CARTESIAN_POINT('',(-0.06,0.0125,0.121194258567289));
#2469=CARTESIAN_POINT('',(-0.07,-0.0225,0.121194258567289));
#2470=CARTESIAN_POINT('',(-0.07,-0.0225,0.116194258567289));
#2471=CARTESIAN_POINT('',(-0.07,-0.0575,0.116194258567289));
#2472=CARTESIAN_POINT('',(-0.07,-0.0575,0.121194258567289));
#2473=CARTESIAN_POINT('',(-0.07,-0.0575,0.121194258567289));
#2474=CARTESIAN_POINT('',(-0.07,-0.0225,0.121194258567289));
#2475=CARTESIAN_POINT('',(-0.06,-0.0575,0.121194258567289));
#2476=CARTESIAN_POINT('',(-0.06,-0.0575,0.116194258567289));
#2477=CARTESIAN_POINT('',(-0.06,-0.0675,0.116194258567289));
#2478=CARTESIAN_POINT('',(-0.06,-0.0675,0.121194258567289));
#2479=CARTESIAN_POINT('',(-0.06,-0.0675,0.121194258567289));
#2480=CARTESIAN_POINT('',(-0.06,-0.0575,0.121194258567289));
#2481=CARTESIAN_POINT('',(0.0250739224873508,-0.0675,0.121194258567289));
#2482=CARTESIAN_POINT('',(0.0250739224873508,-0.0675,0.116194258567289));
#2483=CARTESIAN_POINT('',(0.110147844974702,-0.0675,0.116194258567289));
#2484=CARTESIAN_POINT('',(0.110147844974702,-0.0675,0.121194258567289));
#2485=CARTESIAN_POINT('',(0.110147844974702,-0.0675,0.121194258567289));
#2486=CARTESIAN_POINT('',(0.0250739224873508,-0.0675,0.121194258567289));
#2487=CARTESIAN_POINT('',(0.110147844974702,-0.0575,0.121194258567289));
#2488=CARTESIAN_POINT('',(0.110147844974702,-0.0575,0.116194258567289));
#2489=CARTESIAN_POINT('',(0.120147844974702,-0.0575,0.116194258567289));
#2490=CARTESIAN_POINT('',(0.120147844974702,-0.0575,0.121194258567289));
#2491=CARTESIAN_POINT('',(0.120147844974702,-0.0575,0.121194258567289));
#2492=CARTESIAN_POINT('',(0.110147844974702,-0.0575,0.121194258567289));
#2493=CARTESIAN_POINT('',(0.120147844974702,-0.0225,0.121194258567289));
#2494=CARTESIAN_POINT('',(0.120147844974702,-0.0225,0.116194258567289));
#2495=CARTESIAN_POINT('',(0.120147844974702,0.0125,0.116194258567289));
#2496=CARTESIAN_POINT('',(0.120147844974702,0.0125,0.121194258567289));
#2497=CARTESIAN_POINT('',(0.120147844974702,0.0125,0.121194258567289));
#2498=CARTESIAN_POINT('',(0.120147844974702,-0.0225,0.121194258567289));
#2499=CARTESIAN_POINT('',(0.110147844974702,-0.0575,0.121194258567289));
#2500=CARTESIAN_POINT('',(0.110147844974702,-0.0575,0.121194258567289));
#2501=CARTESIAN_POINT('',(0.111647844974702,-0.0575,0.121194258567289));
#2502=CARTESIAN_POINT('',(0.110147844974702,-0.0575,0.116194258567289));
#2503=CARTESIAN_POINT('',(0.111647844974702,-0.0575,0.116194258567289));
#2504=CARTESIAN_POINT('',(0.110147844974702,0.0125,0.121194258567289));
#2505=CARTESIAN_POINT('',(0.110147844974702,0.0125,0.116194258567289));
#2506=CARTESIAN_POINT('',(0.110147844974702,0.0125,0.121194258567289));
#2507=CARTESIAN_POINT('',(-0.06,0.0125,0.121194258567289));
#2508=CARTESIAN_POINT('',(-0.06,0.0125,0.121194258567289));
#2509=CARTESIAN_POINT('',(-0.0585,0.0125,0.121194258567289));
#2510=CARTESIAN_POINT('',(-0.06,0.0125,0.116194258567289));
#2511=CARTESIAN_POINT('',(-0.0585,0.0125,0.116194258567289));
#2512=CARTESIAN_POINT('',(0.0250739224873508,-0.0225,0.121194258567289));
#2513=CARTESIAN_POINT('',(0.0250739224873508,-0.0225,0.116194258567289));
#2514=CARTESIAN_POINT('',(0.,0.,0.));
#2515=CARTESIAN_POINT('',(-0.05,-0.0025,0.00622792206135782));
#2516=CARTESIAN_POINT('',(-0.05,0.0025,0.00622792206135782));
#2517=CARTESIAN_POINT('',(-0.05,0.0025,0.005));
#2518=CARTESIAN_POINT('',(-0.05,0.0025,0.0103847763108501));
#2519=CARTESIAN_POINT('',(-0.05,-0.0025,0.005));
#2520=CARTESIAN_POINT('',(-0.05,-0.0025,0.005));
#2521=CARTESIAN_POINT('',(-0.05,-0.0025,0.00622792206135782));
#2522=CARTESIAN_POINT('',(-0.05,-0.0025,0.0103847763108501));
#2523=CARTESIAN_POINT('',(-0.05,-0.0025,0.0103847763108501));
#2524=CARTESIAN_POINT('',(-0.025,-0.0025,0.));
#2525=CARTESIAN_POINT('',(-0.025,0.0025,0.));
#2526=CARTESIAN_POINT('',(-0.045,0.0025,0.));
#2527=CARTESIAN_POINT('',(-0.005,0.0025,0.));
#2528=CARTESIAN_POINT('',(-0.005,-0.0025,0.));
#2529=CARTESIAN_POINT('',(-0.005,-0.0025,0.));
#2530=CARTESIAN_POINT('',(-0.025,-0.0025,0.));
#2531=CARTESIAN_POINT('',(-0.045,-0.0025,0.));
#2532=CARTESIAN_POINT('',(-0.045,0.0025,0.));
#2533=CARTESIAN_POINT('',(0.,-0.0025,-0.0195272999358007));
#2534=CARTESIAN_POINT('',(0.,0.0025,-0.0195272999358007));
#2535=CARTESIAN_POINT('',(0.,0.0025,-0.005));
#2536=CARTESIAN_POINT('',(0.,0.0025,-0.0340545998716014));
#2537=CARTESIAN_POINT('',(0.,-0.0025,-0.0340545998716014));
#2538=CARTESIAN_POINT('',(0.,-0.0025,-0.0340545998716014));
#2539=CARTESIAN_POINT('',(0.,-0.0025,-0.0195272999358007));
#2540=CARTESIAN_POINT('',(0.,-0.0025,-0.005));
#2541=CARTESIAN_POINT('',(0.,0.0025,-0.005));
#2542=CARTESIAN_POINT('',(0.0125,-0.0025,-0.0390545998716014));
#2543=CARTESIAN_POINT('',(0.0125,0.0025,-0.0390545998716014));
#2544=CARTESIAN_POINT('',(0.005,0.0025,-0.0390545998716014));
#2545=CARTESIAN_POINT('',(0.0238397971858668,0.0025,-0.0390545998716014));
#2546=CARTESIAN_POINT('',(0.0238397971858668,-0.0025,-0.0390545998716014));
#2547=CARTESIAN_POINT('',(0.0238397971858668,-0.0025,-0.0390545998716014));
#2548=CARTESIAN_POINT('',(0.0125,-0.0025,-0.0390545998716014));
#2549=CARTESIAN_POINT('',(0.005,-0.0025,-0.0390545998716014));
#2550=CARTESIAN_POINT('',(0.005,-0.0025,-0.0390545998716014));
#2551=CARTESIAN_POINT('',(0.0636748483455865,-0.0025,-0.020084953403616));
#2552=CARTESIAN_POINT('',(0.0636748483455865,0.0025,-0.020084953403616));
#2553=CARTESIAN_POINT('',(0.0978606156027239,0.0025,-0.00331715865210182));
#2554=CARTESIAN_POINT('',(0.0260416489023382,0.0025,-0.0385436809600506));
#2555=CARTESIAN_POINT('',(0.0978606156027239,-0.0025,-0.00331715865210182));
#2556=CARTESIAN_POINT('',(0.0978606156027239,-0.0025,-0.00331715865210182));
#2557=CARTESIAN_POINT('',(0.0636748483455865,-0.0025,-0.020084953403616));
#2558=CARTESIAN_POINT('',(0.0260416489023382,-0.0025,-0.0385436809600506));
#2559=CARTESIAN_POINT('',(0.0260416489023382,0.0025,-0.0385436809600507));
#2560=CARTESIAN_POINT('',(0.0798584460439877,-0.0025,0.0447393013381968));
#2561=CARTESIAN_POINT('',(0.0798584460439877,-0.0025,0.0447393013381968));
#2562=CARTESIAN_POINT('',(0.0595690471132738,-0.0025,0.086104828523575));
#2563=CARTESIAN_POINT('',(0.100147844974702,-0.0025,0.00337377415281872));
#2564=CARTESIAN_POINT('',(0.100147844974702,-0.0025,0.00337377415281873));
#2565=CARTESIAN_POINT('',(0.100147844974702,0.0025,0.00337377415281872));
#2566=CARTESIAN_POINT('',(0.0798584460439877,0.0025,0.0447393013381968));
#2567=CARTESIAN_POINT('',(0.0595690471132738,0.0025,0.086104828523575));
#2568=CARTESIAN_POINT('',(0.0595690471132738,-0.0025,0.086104828523575));
#2569=CARTESIAN_POINT('',(0.0286835976984012,-0.0025,0.0765248768673699));
#2570=CARTESIAN_POINT('',(0.0286835976984012,-0.0025,0.0765248768673699));
#2571=CARTESIAN_POINT('',(0.000746080341412533,-0.0025,0.0628217894571833));
#2572=CARTESIAN_POINT('',(0.0528781143083532,-0.0025,0.0883920578955527));
#2573=CARTESIAN_POINT('',(0.0528781143083532,-0.0025,0.0883920578955527));
#2574=CARTESIAN_POINT('',(0.0528781143083532,0.0025,0.0883920578955527));
#2575=CARTESIAN_POINT('',(0.0286835976984012,0.0025,0.0765248768673699));
#2576=CARTESIAN_POINT('',(0.000746080341412533,0.0025,0.0628217894571833));
#2577=CARTESIAN_POINT('',(0.000746080341412533,-0.0025,0.0628217894571833));
#2578=CARTESIAN_POINT('',(0.,-0.0025,0.025));
#2579=CARTESIAN_POINT('',(0.,-0.0025,0.025));
#2580=CARTESIAN_POINT('',(0.005,-0.0025,0.025));
#2581=CARTESIAN_POINT('',(0.,0.0025,0.025));
#2582=CARTESIAN_POINT('',(0.005,0.0025,0.025));
#2583=CARTESIAN_POINT('',(-0.0402842712474619,-0.0025,0.0108578643762691));
#2584=CARTESIAN_POINT('',(-0.0402842712474619,-0.0025,0.0108578643762691));
#2585=CARTESIAN_POINT('',(-0.0387842712474619,-0.0025,0.0108578643762691));
#2586=CARTESIAN_POINT('',(-0.0402842712474619,0.0025,0.0108578643762691));
#2587=CARTESIAN_POINT('',(-0.0387842712474619,0.0025,0.0108578643762691));
#2588=CARTESIAN_POINT('',(-0.012,-0.0025,0.039142135623731));
#2589=CARTESIAN_POINT('',(-0.012,-0.0025,0.039142135623731));
#2590=CARTESIAN_POINT('',(-0.0105028408158986,-0.0025,0.0390498622393734));
#2591=CARTESIAN_POINT('',(-0.012,0.0025,0.039142135623731));
#2592=CARTESIAN_POINT('',(-0.0105028408158986,0.0025,0.0390498622393734));
#2593=CARTESIAN_POINT('',(0.0613269526404001,-0.0025,0.0734375901948284));
#2594=CARTESIAN_POINT('',(0.0613269526404001,-0.0025,0.0734375901948284));
#2595=CARTESIAN_POINT('',(0.0628269526404001,-0.0025,0.0734375901948284));
#2596=CARTESIAN_POINT('',(0.0613269526404001,0.0025,0.0734375901948284));
#2597=CARTESIAN_POINT('',(0.0628269526404001,0.0025,0.0734375901948284));
#2598=CARTESIAN_POINT('',(0.0952354690740595,-0.0025,0.00430574143271112));
#2599=CARTESIAN_POINT('',(0.0952354690740595,-0.0025,0.00430574143271112));
#2600=CARTESIAN_POINT('',(0.0967354690740595,-0.0025,0.00430574143271112));
#2601=CARTESIAN_POINT('',(0.0952354690740595,0.0025,0.00430574143271112));
#2602=CARTESIAN_POINT('',(0.0967354690740595,0.0025,0.00430574143271112));
#2603=CARTESIAN_POINT('',(0.0386730473595999,-0.0025,-0.0234375901948283));
#2604=CARTESIAN_POINT('',(0.0386730473595999,-0.0025,-0.0234375901948283));
#2605=CARTESIAN_POINT('',(0.0401730473595999,-0.0025,-0.0234375901948283));
#2606=CARTESIAN_POINT('',(0.0386730473595999,0.0025,-0.0234375901948283));
#2607=CARTESIAN_POINT('',(0.0401730473595999,0.0025,-0.0234375901948283));
#2608=CARTESIAN_POINT('',(0.00476453092594053,-0.0025,0.0456942585672889));
#2609=CARTESIAN_POINT('',(0.00476453092594053,-0.0025,0.0456942585672889));
#2610=CARTESIAN_POINT('',(0.00626453092594053,-0.0025,0.0456942585672889));
#2611=CARTESIAN_POINT('',(0.00476453092594053,0.0025,0.0456942585672889));
#2612=CARTESIAN_POINT('',(0.00626453092594053,0.0025,0.0456942585672889));
#2613=CARTESIAN_POINT('',(-0.025,-0.0025,0.0374558441227157));
#2614=CARTESIAN_POINT('',(-0.025,-0.0025,0.0374558441227157));
#2615=CARTESIAN_POINT('',(-0.0485355339059328,-0.0025,0.0139203102167829));
#2616=CARTESIAN_POINT('',(-0.000587601848048822,-0.0025,0.0618682422746668));
#2617=CARTESIAN_POINT('',(-0.000587601848048822,-0.0025,0.0618682422746668));
#2618=CARTESIAN_POINT('',(-0.000587601848048822,0.0025,0.0618682422746668));
#2619=CARTESIAN_POINT('',(-0.025,0.0025,0.0374558441227157));
#2620=CARTESIAN_POINT('',(-0.0485355339059328,0.0025,0.0139203102167829));
#2621=CARTESIAN_POINT('',(-0.0485355339059328,-0.0025,0.0139203102167829));
#2622=CARTESIAN_POINT('',(0.0261748483455865,-0.0025,0.0257696548702114));
#2623=CARTESIAN_POINT('',(0.0956587638862525,-0.0025,0.00117192243634735));
#2624=CARTESIAN_POINT('',(0.0550799660248246,-0.0025,0.0839029768071036));
#2625=CARTESIAN_POINT('',(0.00294793205788392,-0.0025,0.0583327083687341));
#2626=CARTESIAN_POINT('',(-0.045,-0.0025,0.0103847763108501));
#2627=CARTESIAN_POINT('',(-0.045,-0.0025,0.005));
#2628=CARTESIAN_POINT('',(-0.005,-0.0025,-0.005));
#2629=CARTESIAN_POINT('',(0.005,-0.0025,-0.0340545998716014));
#2630=CARTESIAN_POINT('',(0.0238397971858668,-0.0025,-0.0340545998716014));
#2631=CARTESIAN_POINT('',(0.0261748483455865,0.0025,0.0257696548702114));
#2632=CARTESIAN_POINT('',(0.0956587638862525,0.0025,0.00117192243634735));
#2633=CARTESIAN_POINT('',(0.0238397971858668,0.0025,-0.0340545998716014));
#2634=CARTESIAN_POINT('',(0.005,0.0025,-0.0340545998716014));
#2635=CARTESIAN_POINT('',(-0.005,0.0025,-0.005));
#2636=CARTESIAN_POINT('',(-0.045,0.0025,0.005));
#2637=CARTESIAN_POINT('',(-0.045,0.0025,0.0103847763108501));
#2638=CARTESIAN_POINT('',(0.00294793205788392,0.0025,0.0583327083687341));
#2639=CARTESIAN_POINT('',(0.0550799660248246,0.0025,0.0839029768071036));
#2640=CARTESIAN_POINT('',(0.0956587638862525,-0.0025,0.00117192243634735));
#2641=CARTESIAN_POINT('',(0.0238397971858668,-0.0025,-0.0340545998716014));
#2642=CARTESIAN_POINT('',(0.005,-0.0025,-0.0340545998716014));
#2643=CARTESIAN_POINT('',(0.0550799660248246,-0.0025,0.0839029768071036));
#2644=CARTESIAN_POINT('',(0.00294793205788392,-0.0025,0.0583327083687341));
#2645=CARTESIAN_POINT('',(-0.005,-0.0025,-0.005));
#2646=CARTESIAN_POINT('',(-0.045,-0.0025,0.005));
#2647=CARTESIAN_POINT('',(-0.045,-0.0025,0.0103847763108501));
#2648=CARTESIAN_POINT('',(0.,0.,0.));
#2649=CARTESIAN_POINT('',(0.0250739224873508,0.02,0.116194258567289));
#2650=CARTESIAN_POINT('',(-0.055,0.02,0.0911942585672889));
#2651=CARTESIAN_POINT('',(-0.055,0.02,0.0911942585672889));
#2652=CARTESIAN_POINT('',(-0.055,0.02,0.116194258567289));
#2653=CARTESIAN_POINT('',(0.0250739224873508,0.02,0.0911942585672889));
#2654=CARTESIAN_POINT('',(-0.06,0.02,0.0911942585672889));
#2655=CARTESIAN_POINT('',(-0.06,0.02,0.116194258567289));
#2656=CARTESIAN_POINT('',(-0.06,0.02,-0.00630574143271113));
#2657=CARTESIAN_POINT('',(0.0250739224873508,0.02,-0.00630574143271113));
#2658=CARTESIAN_POINT('',(-0.02,0.02,-0.00630574143271113));
#2659=CARTESIAN_POINT('',(-0.02,0.02,0.116194258567289));
#2660=CARTESIAN_POINT('',(-0.02,0.02,-0.0463057414327111));
#2661=CARTESIAN_POINT('',(0.0250739224873508,0.02,-0.0463057414327111));
#2662=CARTESIAN_POINT('',(0.110147844974702,0.02,-0.0463057414327111));
#2663=CARTESIAN_POINT('',(0.110147844974702,0.02,0.116194258567289));
#2664=CARTESIAN_POINT('',(0.110147844974702,0.02,0.116194258567289));
#2665=CARTESIAN_POINT('',(0.0250739224873508,0.02,0.116194258567289));
#2666=CARTESIAN_POINT('',(-0.0675,-0.0225,0.116194258567289));
#2667=CARTESIAN_POINT('',(-0.0675,0.0125,0.116194258567289));
#2668=CARTESIAN_POINT('',(-0.0675,0.0125,0.0911942585672889));
#2669=CARTESIAN_POINT('',(-0.0675,0.0125,-0.00630574143271113));
#2670=CARTESIAN_POINT('',(-0.0675,-0.0225,0.0911942585672889));
#2671=CARTESIAN_POINT('',(-0.0675,0.0075,0.0911942585672889));
#2672=CARTESIAN_POINT('',(-0.0675,0.0075,0.0911942585672889));
#2673=CARTESIAN_POINT('',(-0.0675,0.0075,0.116194258567289));
#2674=CARTESIAN_POINT('',(-0.0675,-0.0225,0.116194258567289));
#2675=CARTESIAN_POINT('',(-0.0675,-0.0575,0.116194258567289));
#2676=CARTESIAN_POINT('',(-0.0675,-0.0575,0.116194258567289));
#2677=CARTESIAN_POINT('',(-0.0675,-0.0575,-0.00630574143271113));
#2678=CARTESIAN_POINT('',(-0.0675,-0.0225,-0.00630574143271113));
#2679=CARTESIAN_POINT('',(0.117647844974702,-0.0225,0.116194258567289));
#2680=CARTESIAN_POINT('',(0.117647844974702,-0.0225,0.0911942585672889));
#2681=CARTESIAN_POINT('',(0.117647844974702,-0.0525,0.0911942585672889));
#2682=CARTESIAN_POINT('',(0.117647844974702,-0.0575,0.0911942585672889));
#2683=CARTESIAN_POINT('',(0.117647844974702,-0.0525,0.0911942585672889));
#2684=CARTESIAN_POINT('',(0.117647844974702,-0.0525,0.116194258567289));
#2685=CARTESIAN_POINT('',(0.117647844974702,-0.0225,0.116194258567289));
#2686=CARTESIAN_POINT('',(0.117647844974702,0.0125,0.116194258567289));
#2687=CARTESIAN_POINT('',(0.117647844974702,0.0125,0.116194258567289));
#2688=CARTESIAN_POINT('',(0.117647844974702,0.0125,-0.0463057414327111));
#2689=CARTESIAN_POINT('',(0.117647844974702,-0.0225,-0.0463057414327111));
#2690=CARTESIAN_POINT('',(0.117647844974702,-0.0575,-0.0463057414327111));
#2691=CARTESIAN_POINT('',(0.117647844974702,-0.0575,0.116194258567289));
#2692=CARTESIAN_POINT('',(-0.06,0.0125,0.116194258567289));
#2693=CARTESIAN_POINT('',(-0.06,0.0125,0.0911942585672889));
#2694=CARTESIAN_POINT('',(-0.06,0.0125,-0.00630574143271113));
#2695=CARTESIAN_POINT('',(0.110147844974702,-0.0575,0.116194258567289));
#2696=CARTESIAN_POINT('',(0.110147844974702,-0.065,0.116194258567289));
#2697=CARTESIAN_POINT('',(0.110147844974702,-0.065,0.0911942585672889));
#2698=CARTESIAN_POINT('',(0.110147844974702,-0.065,-0.0463057414327111));
#2699=CARTESIAN_POINT('',(0.110147844974702,-0.0575,0.0911942585672889));
#2700=CARTESIAN_POINT('',(0.110147844974702,-0.0575,-0.0463057414327111));
#2701=CARTESIAN_POINT('',(0.0250739224873508,-0.0225,0.116194258567289));
#2702=CARTESIAN_POINT('',(-0.055,0.01625,0.116194258567289));
#2703=CARTESIAN_POINT('',(-0.055,0.0125,0.116194258567289));
#2704=CARTESIAN_POINT('',(0.110147844974702,0.0125,0.116194258567289));
#2705=CARTESIAN_POINT('',(0.113897844974702,-0.0525,0.116194258567289));
#2706=CARTESIAN_POINT('',(0.110147844974702,-0.0525,0.116194258567289));
#2707=CARTESIAN_POINT('',(0.110147844974702,-0.0575,0.116194258567289));
#2708=CARTESIAN_POINT('',(0.105147844974702,-0.0575,0.116194258567289));
#2709=CARTESIAN_POINT('',(0.105147844974702,-0.06125,0.116194258567289));
#2710=CARTESIAN_POINT('',(0.105147844974702,-0.065,0.116194258567289));
#2711=CARTESIAN_POINT('',(0.0250739224873508,-0.065,0.116194258567289));
#2712=CARTESIAN_POINT('',(-0.06,-0.065,0.116194258567289));
#2713=CARTESIAN_POINT('',(-0.06,-0.0575,0.116194258567289));
#2714=CARTESIAN_POINT('',(-0.06375,0.0075,0.116194258567289));
#2715=CARTESIAN_POINT('',(-0.06,0.0075,0.116194258567289));
#2716=CARTESIAN_POINT('',(-0.06,0.0125,0.116194258567289));
#2717=CARTESIAN_POINT('',(0.0250739224873508,0.0225,0.116194258567289));
#2718=CARTESIAN_POINT('',(-0.06,0.0225,0.116194258567289));
#2719=CARTESIAN_POINT('',(0.110147844974702,0.0225,0.116194258567289));
#2720=CARTESIAN_POINT('',(-0.06,0.0125,0.116194258567289));
#2721=CARTESIAN_POINT('',(-0.07,0.0125,0.116194258567289));
#2722=CARTESIAN_POINT('',(-0.07,-0.0225,0.116194258567289));
#2723=CARTESIAN_POINT('',(-0.07,-0.0575,0.116194258567289));
#2724=CARTESIAN_POINT('',(-0.06,-0.0575,0.116194258567289));
#2725=CARTESIAN_POINT('',(-0.06,-0.0675,0.116194258567289));
#2726=CARTESIAN_POINT('',(0.0250739224873508,-0.0675,0.116194258567289));
#2727=CARTESIAN_POINT('',(0.110147844974702,-0.0675,0.116194258567289));
#2728=CARTESIAN_POINT('',(0.110147844974702,-0.0575,0.116194258567289));
#2729=CARTESIAN_POINT('',(0.120147844974702,-0.0575,0.116194258567289));
#2730=CARTESIAN_POINT('',(0.120147844974702,-0.0225,0.116194258567289));
#2731=CARTESIAN_POINT('',(0.120147844974702,0.0125,0.116194258567289));
#2732=CARTESIAN_POINT('',(0.110147844974702,0.0125,0.116194258567289));
#2733=CARTESIAN_POINT('',(0.110147844974702,-0.0575,0.116194258567289));
#2734=CARTESIAN_POINT('',(0.111647844974702,-0.0575,0.116194258567289));
#2735=CARTESIAN_POINT('',(-0.06,0.0125,0.116194258567289));
#2736=CARTESIAN_POINT('',(-0.0585,0.0125,0.116194258567289));
#2737=CARTESIAN_POINT('',(0.0250739224873508,-0.0225,-0.00880574143271113));
#2738=CARTESIAN_POINT('',(-0.025,-0.0225,-0.00880574143271113));
#2739=CARTESIAN_POINT('',(-0.025,-0.0625,-0.00880574143271113));
#2740=CARTESIAN_POINT('',(-0.025,0.0175,-0.00880574143271113));
#2741=CARTESIAN_POINT('',(-0.02,-0.0625,-0.00880574143271113));
#2742=CARTESIAN_POINT('',(-0.02,-0.0675,-0.00880574143271113));
#2743=CARTESIAN_POINT('',(0.0250739224873508,-0.0675,-0.00880574143271113));
#2744=CARTESIAN_POINT('',(-0.06,-0.0675,-0.00880574143271113));
#2745=CARTESIAN_POINT('',(-0.06,-0.0575,-0.00880574143271113));
#2746=CARTESIAN_POINT('',(-0.07,-0.0575,-0.00880574143271113));
#2747=CARTESIAN_POINT('',(-0.07,-0.0225,-0.00880574143271113));
#2748=CARTESIAN_POINT('',(-0.07,0.0125,-0.00880574143271113));
#2749=CARTESIAN_POINT('',(-0.06,0.0125,-0.00880574143271113));
#2750=CARTESIAN_POINT('',(-0.06,0.0225,-0.00880574143271113));
#2751=CARTESIAN_POINT('',(0.0250739224873508,0.0225,-0.00880574143271113));
#2752=CARTESIAN_POINT('',(-0.02,0.0225,-0.00880574143271113));
#2753=CARTESIAN_POINT('',(-0.02,0.0175,-0.00880574143271112));
#2754=CARTESIAN_POINT('',(0.0250739224873508,0.0225,0.116194258567289));
#2755=CARTESIAN_POINT('',(0.0250739224873508,0.0225,-0.0488057414327111));
#2756=CARTESIAN_POINT('',(-0.02,0.0225,-0.0488057414327111));
#2757=CARTESIAN_POINT('',(0.110147844974702,0.0225,-0.0488057414327111));
#2758=CARTESIAN_POINT('',(-0.02,0.0225,-0.00880574143271112));
#2759=CARTESIAN_POINT('',(-0.06,0.0225,0.116194258567289));
#2760=CARTESIAN_POINT('',(0.110147844974702,0.0225,0.116194258567289));
#2761=CARTESIAN_POINT('',(-0.06,0.0125,0.116194258567289));
#2762=CARTESIAN_POINT('',(-0.07,0.0125,0.116194258567289));
#2763=CARTESIAN_POINT('',(-0.07,-0.0225,0.116194258567289));
#2764=CARTESIAN_POINT('',(-0.07,-0.0575,0.116194258567289));
#2765=CARTESIAN_POINT('',(-0.06,-0.0575,0.116194258567289));
#2766=CARTESIAN_POINT('',(-0.06,-0.0675,0.116194258567289));
#2767=CARTESIAN_POINT('',(0.0250739224873508,-0.0675,0.116194258567289));
#2768=CARTESIAN_POINT('',(0.,-0.0675,0.025));
#2769=CARTESIAN_POINT('',(0.007,-0.0675,0.025));
#2770=CARTESIAN_POINT('',(-0.02,-0.0675,0.116194258567289));
#2771=CARTESIAN_POINT('',(-0.02,-0.0675,-0.0488057414327111));
#2772=CARTESIAN_POINT('',(0.0250739224873508,-0.0675,-0.0488057414327111));
#2773=CARTESIAN_POINT('',(0.110147844974702,-0.0675,-0.0488057414327111));
#2774=CARTESIAN_POINT('',(0.110147844974702,-0.0675,0.116194258567289));
#2775=CARTESIAN_POINT('',(0.110147844974702,-0.0575,0.116194258567289));
#2776=CARTESIAN_POINT('',(0.110147844974702,-0.0575,-0.0488057414327111));
#2777=CARTESIAN_POINT('',(0.120147844974702,-0.0575,-0.0488057414327111));
#2778=CARTESIAN_POINT('',(0.120147844974702,-0.0575,0.116194258567289));
#2779=CARTESIAN_POINT('',(0.120147844974702,-0.0225,0.116194258567289));
#2780=CARTESIAN_POINT('',(0.120147844974702,-0.0225,-0.0488057414327111));
#2781=CARTESIAN_POINT('',(0.120147844974702,0.0125,-0.0488057414327111));
#2782=CARTESIAN_POINT('',(0.120147844974702,0.0125,0.116194258567289));
#2783=CARTESIAN_POINT('',(0.110147844974702,0.0125,0.116194258567289));
#2784=CARTESIAN_POINT('',(0.110147844974702,0.0125,-0.0488057414327111));
#2785=CARTESIAN_POINT('',(-0.025,-0.0225,-0.0488057414327111));
#2786=CARTESIAN_POINT('',(-0.025,-0.0225,-0.0488057414327111));
#2787=CARTESIAN_POINT('',(-0.025,-0.0625,-0.0488057414327111));
#2788=CARTESIAN_POINT('',(-0.025,0.0175,-0.0488057414327111));
#2789=CARTESIAN_POINT('',(-0.025,-0.0625,-0.0488057414327111));
#2790=CARTESIAN_POINT('',(-0.025,0.0175,-0.0488057414327111));
#2791=CARTESIAN_POINT('',(0.0250739224873508,-0.0225,-0.0488057414327111));
#2792=CARTESIAN_POINT('',(-0.02,-0.0625,-0.0488057414327111));
#2793=CARTESIAN_POINT('',(-0.02,0.0175,-0.0488057414327111));
#2794=CARTESIAN_POINT('',(-0.02,-0.0625,-0.0488057414327111));
#2795=CARTESIAN_POINT('',(-0.02,0.0175,0.116194258567289));
#2796=CARTESIAN_POINT('',(0.0250739224873508,-0.0225,-0.00630574143271113));
#2797=CARTESIAN_POINT('',(-0.0225,-0.0225,-0.00630574143271113));
#2798=CARTESIAN_POINT('',(-0.0225,-0.0625,-0.00630574143271113));
#2799=CARTESIAN_POINT('',(-0.0225,0.0175,-0.00630574143271113));
#2800=CARTESIAN_POINT('',(-0.02,0.0175,-0.00630574143271113));
#2801=CARTESIAN_POINT('',(-0.06,-0.0575,-0.00630574143271113));
#2802=CARTESIAN_POINT('',(-0.06,-0.065,-0.00630574143271113));
#2803=CARTESIAN_POINT('',(0.0250739224873508,-0.065,-0.00630574143271113));
#2804=CARTESIAN_POINT('',(-0.02,-0.065,-0.00630574143271113));
#2805=CARTESIAN_POINT('',(-0.02,-0.0625,-0.00630574143271113));
#2806=CARTESIAN_POINT('',(-0.06,-0.0575,0.116194258567289));
#2807=CARTESIAN_POINT('',(-0.06,-0.065,0.116194258567289));
#2808=CARTESIAN_POINT('',(0.0250739224873508,-0.065,0.116194258567289));
#2809=CARTESIAN_POINT('',(0.105147844974702,-0.065,0.0911942585672889));
#2810=CARTESIAN_POINT('',(0.105147844974702,-0.065,0.0911942585672889));
#2811=CARTESIAN_POINT('',(0.0250739224873508,-0.065,0.0911942585672889));
#2812=CARTESIAN_POINT('',(0.0250739224873508,-0.065,-0.0463057414327111));
#2813=CARTESIAN_POINT('',(-0.02,-0.065,-0.0463057414327111));
#2814=CARTESIAN_POINT('',(-0.02,-0.065,0.116194258567289));
#2815=CARTESIAN_POINT('',(0.,-0.065,0.025));
#2816=CARTESIAN_POINT('',(0.,-0.065,0.032));
#2817=CARTESIAN_POINT('',(0.110147844974702,0.0125,0.116194258567289));
#2818=CARTESIAN_POINT('',(0.110147844974702,0.0125,-0.0463057414327111));
#2819=CARTESIAN_POINT('',(-0.0225,-0.0225,-0.0488057414327111));
#2820=CARTESIAN_POINT('',(-0.0225,-0.0225,-0.0463057414327111));
#2821=CARTESIAN_POINT('',(-0.0225,-0.0625,-0.0463057414327111));
#2822=CARTESIAN_POINT('',(-0.0225,0.0175,-0.0463057414327111));
#2823=CARTESIAN_POINT('',(-0.0225,0.0175,-0.0488057414327111));
#2824=CARTESIAN_POINT('',(-0.0225,-0.0625,-0.0488057414327111));
#2825=CARTESIAN_POINT('',(0.0250739224873508,-0.0225,-0.0463057414327111));
#2826=CARTESIAN_POINT('',(-0.02,0.0175,-0.0463057414327111));
#2827=CARTESIAN_POINT('',(-0.02,-0.0625,-0.0463057414327111));
#2828=CARTESIAN_POINT('',(-0.02,-0.0625,-0.0488057414327111));
#2829=CARTESIAN_POINT('',(-0.02,0.0175,0.116194258567289));
#2830=CARTESIAN_POINT('',(0.,0.022502,0.025));
#2831=CARTESIAN_POINT('',(0.110147844974702,-0.0575,0.0911942585672889));
#2832=CARTESIAN_POINT('',(0.110147844974702,-0.0525,0.0911942585672889));
#2833=CARTESIAN_POINT('',(0.110147844974702,-0.0525,0.0911942585672889));
#2834=CARTESIAN_POINT('',(0.110147844974702,-0.0575,0.0911942585672889));
#2835=CARTESIAN_POINT('',(0.105147844974702,-0.0575,0.0911942585672889));
#2836=CARTESIAN_POINT('',(0.105147844974702,-0.0575,0.0911942585672889));
#2837=CARTESIAN_POINT('',(0.105147844974702,-0.06125,0.0911942585672889));
#2838=CARTESIAN_POINT('',(0.105147844974702,-0.06125,0.0911942585672889));
#2839=CARTESIAN_POINT('',(0.110147844974702,-0.0575,0.0911942585672889));
#2840=CARTESIAN_POINT('',(0.110147844974702,-0.0575,0.0911942585672889));
#2841=CARTESIAN_POINT('',(0.111647844974702,-0.0575,0.0911942585672889));
#2842=CARTESIAN_POINT('',(0.113897844974702,-0.0525,0.0911942585672889));
#2843=CARTESIAN_POINT('',(0.113897844974702,-0.0525,0.0911942585672889));
#2844=CARTESIAN_POINT('',(0.0250739224873508,-0.0225,0.0911942585672889));
#2845=CARTESIAN_POINT('',(-0.06375,0.0075,0.0911942585672889));
#2846=CARTESIAN_POINT('',(-0.06375,0.0075,0.0911942585672889));
#2847=CARTESIAN_POINT('',(-0.06,0.0075,0.0911942585672889));
#2848=CARTESIAN_POINT('',(-0.06,0.0075,0.0911942585672889));
#2849=CARTESIAN_POINT('',(-0.06,0.0125,0.0911942585672889));
#2850=CARTESIAN_POINT('',(-0.06,0.0125,0.0911942585672889));
#2851=CARTESIAN_POINT('',(-0.055,0.0125,0.0911942585672889));
#2852=CARTESIAN_POINT('',(-0.055,0.0125,0.0911942585672889));
#2853=CARTESIAN_POINT('',(-0.055,0.01625,0.0911942585672889));
#2854=CARTESIAN_POINT('',(-0.055,0.01625,0.0911942585672889));
#2855=CARTESIAN_POINT('',(-0.06,0.0125,0.0911942585672889));
#2856=CARTESIAN_POINT('',(-0.06,0.0125,0.0911942585672889));
#2857=CARTESIAN_POINT('',(-0.0585,0.0125,0.0911942585672889));
#2858=CARTESIAN_POINT('',(0.0250739224873508,-0.0225,0.0911942585672889));
#2859=CARTESIAN_POINT('',(0.,0.,0.));
#2860=CARTESIAN_POINT('',(0.024,-0.0475,0.0268471292836444));
#2861=CARTESIAN_POINT('',(0.024,-0.0425,0.0268471292836444));
#2862=CARTESIAN_POINT('',(0.024,-0.0425,0.0436942585672888));
#2863=CARTESIAN_POINT('',(0.024,-0.0425,0.01));
#2864=CARTESIAN_POINT('',(0.024,-0.0475,0.0436942585672888));
#2865=CARTESIAN_POINT('',(0.024,-0.0475,0.0436942585672888));
#2866=CARTESIAN_POINT('',(0.024,-0.0475,0.0268471292836444));
#2867=CARTESIAN_POINT('',(0.024,-0.0475,0.01));
#2868=CARTESIAN_POINT('',(0.024,-0.0475,0.01));
#2869=CARTESIAN_POINT('',(0.014,-0.0475,0.0436942585672888));
#2870=CARTESIAN_POINT('',(0.014,-0.0425,0.0436942585672888));
#2871=CARTESIAN_POINT('',(0.014,-0.0425,0.0536942585672889));
#2872=CARTESIAN_POINT('',(0.014,-0.0475,0.0536942585672889));
#2873=CARTESIAN_POINT('',(0.014,-0.0475,0.0536942585672889));
#2874=CARTESIAN_POINT('',(0.014,-0.0475,0.0436942585672888));
#2875=CARTESIAN_POINT('',(0.,-0.0475,0.0536942585672889));
#2876=CARTESIAN_POINT('',(0.,-0.0425,0.0536942585672889));
#2877=CARTESIAN_POINT('',(-0.014,-0.0425,0.0536942585672889));
#2878=CARTESIAN_POINT('',(-0.014,-0.0475,0.0536942585672889));
#2879=CARTESIAN_POINT('',(-0.014,-0.0475,0.0536942585672889));
#2880=CARTESIAN_POINT('',(0.,-0.0475,0.0536942585672889));
#2881=CARTESIAN_POINT('',(-0.014,-0.0475,0.0436942585672888));
#2882=CARTESIAN_POINT('',(-0.014,-0.0425,0.0436942585672888));
#2883=CARTESIAN_POINT('',(-0.024,-0.0425,0.0436942585672888));
#2884=CARTESIAN_POINT('',(-0.024,-0.0475,0.0436942585672888));
#2885=CARTESIAN_POINT('',(-0.024,-0.0475,0.0436942585672888));
#2886=CARTESIAN_POINT('',(-0.014,-0.0475,0.0436942585672888));
#2887=CARTESIAN_POINT('',(-0.024,-0.0475,0.0268471292836444));
#2888=CARTESIAN_POINT('',(-0.024,-0.0425,0.0268471292836444));
#2889=CARTESIAN_POINT('',(-0.024,-0.0425,0.01));
#2890=CARTESIAN_POINT('',(-0.024,-0.0475,0.01));
#2891=CARTESIAN_POINT('',(-0.024,-0.0475,0.01));
#2892=CARTESIAN_POINT('',(-0.024,-0.0475,0.0268471292836444));
#2893=CARTESIAN_POINT('',(-0.014,-0.0475,0.01));
#2894=CARTESIAN_POINT('',(-0.014,-0.0425,0.01));
#2895=CARTESIAN_POINT('',(-0.014,-0.0425,-1.7347234759768E-18));
#2896=CARTESIAN_POINT('',(-0.014,-0.0475,-1.7347234759768E-18));
#2897=CARTESIAN_POINT('',(-0.014,-0.0475,-1.7347234759768E-18));
#2898=CARTESIAN_POINT('',(-0.014,-0.0475,0.01));
#2899=CARTESIAN_POINT('',(0.,-0.0475,0.));
#2900=CARTESIAN_POINT('',(0.,-0.0425,0.));
#2901=CARTESIAN_POINT('',(0.014,-0.0425,0.));
#2902=CARTESIAN_POINT('',(0.014,-0.0475,0.));
#2903=CARTESIAN_POINT('',(0.014,-0.0475,0.));
#2904=CARTESIAN_POINT('',(0.,-0.0475,0.));
#2905=CARTESIAN_POINT('',(0.,-0.0475,0.025));
#2906=CARTESIAN_POINT('',(0.,-0.0475,0.025));
#2907=CARTESIAN_POINT('',(0.005,-0.0475,0.025));
#2908=CARTESIAN_POINT('',(0.,-0.0425,0.025));
#2909=CARTESIAN_POINT('',(0.005,-0.0425,0.025));
#2910=CARTESIAN_POINT('',(0.016,-0.0475,0.041));
#2911=CARTESIAN_POINT('',(0.016,-0.0475,0.041));
#2912=CARTESIAN_POINT('',(0.0175,-0.0475,0.041));
#2913=CARTESIAN_POINT('',(0.016,-0.0425,0.041));
#2914=CARTESIAN_POINT('',(0.0175,-0.0425,0.041));
#2915=CARTESIAN_POINT('',(-0.016,-0.0475,0.041));
#2916=CARTESIAN_POINT('',(-0.016,-0.0475,0.041));
#2917=CARTESIAN_POINT('',(-0.0145,-0.0475,0.041));
#2918=CARTESIAN_POINT('',(-0.016,-0.0425,0.041));
#2919=CARTESIAN_POINT('',(-0.0145,-0.0425,0.041));
#2920=CARTESIAN_POINT('',(-0.016,-0.0475,0.009));
#2921=CARTESIAN_POINT('',(-0.016,-0.0475,0.009));
#2922=CARTESIAN_POINT('',(-0.0145,-0.0475,0.009));
#2923=CARTESIAN_POINT('',(-0.016,-0.0425,0.009));
#2924=CARTESIAN_POINT('',(-0.0145,-0.0425,0.009));
#2925=CARTESIAN_POINT('',(0.016,-0.0475,0.009));
#2926=CARTESIAN_POINT('',(0.016,-0.0475,0.009));
#2927=CARTESIAN_POINT('',(0.0175,-0.0475,0.009));
#2928=CARTESIAN_POINT('',(0.016,-0.0425,0.009));
#2929=CARTESIAN_POINT('',(0.0175,-0.0425,0.009));
#2930=CARTESIAN_POINT('',(0.00476453092594053,-0.0475,0.0456942585672889));
#2931=CARTESIAN_POINT('',(0.00476453092594053,-0.0475,0.0456942585672889));
#2932=CARTESIAN_POINT('',(0.00476453092594053,-0.0475,0.0441942585672889));
#2933=CARTESIAN_POINT('',(0.00476453092594053,-0.0425,0.0456942585672889));
#2934=CARTESIAN_POINT('',(0.00476453092594053,-0.0425,0.0441942585672889));
#2935=CARTESIAN_POINT('',(0.014,-0.0475,0.01));
#2936=CARTESIAN_POINT('',(0.014,-0.0425,0.01));
#2937=CARTESIAN_POINT('',(0.014,-0.0475,0.01));
#2938=CARTESIAN_POINT('',(0.,-0.0475,0.0268471292836444));
#2939=CARTESIAN_POINT('',(0.,-0.0425,0.0268471292836444));
#2940=MECHANICAL_DESIGN_GEOMETRIC_PRESENTATION_REPRESENTATION('',(#1704),
#2944);
#2941=MECHANICAL_DESIGN_GEOMETRIC_PRESENTATION_REPRESENTATION('',(#1705),
#2945);
#2942=MECHANICAL_DESIGN_GEOMETRIC_PRESENTATION_REPRESENTATION('',(#1706),
#2946);
#2943=MECHANICAL_DESIGN_GEOMETRIC_PRESENTATION_REPRESENTATION('',(#1707),
#2947);
#2944=(
GEOMETRIC_REPRESENTATION_CONTEXT(3)
GLOBAL_UNCERTAINTY_ASSIGNED_CONTEXT((#2948))
GLOBAL_UNIT_ASSIGNED_CONTEXT((#2960,#2956,#2952))
REPRESENTATION_CONTEXT('Lid','TOP_LEVEL_ASSEMBLY_PART')
);
#2945=(
GEOMETRIC_REPRESENTATION_CONTEXT(3)
GLOBAL_UNCERTAINTY_ASSIGNED_CONTEXT((#2949))
GLOBAL_UNIT_ASSIGNED_CONTEXT((#2961,#2957,#2953))
REPRESENTATION_CONTEXT('CenterPlate','TOP_LEVEL_ASSEMBLY_PART')
);
#2946=(
GEOMETRIC_REPRESENTATION_CONTEXT(3)
GLOBAL_UNCERTAINTY_ASSIGNED_CONTEXT((#2950))
GLOBAL_UNIT_ASSIGNED_CONTEXT((#2962,#2958,#2954))
REPRESENTATION_CONTEXT('Enclosure','TOP_LEVEL_ASSEMBLY_PART')
);
#2947=(
GEOMETRIC_REPRESENTATION_CONTEXT(3)
GLOBAL_UNCERTAINTY_ASSIGNED_CONTEXT((#2951))
GLOBAL_UNIT_ASSIGNED_CONTEXT((#2963,#2959,#2955))
REPRESENTATION_CONTEXT('Camera Mount','TOP_LEVEL_ASSEMBLY_PART')
);
#2948=UNCERTAINTY_MEASURE_WITH_UNIT(LENGTH_MEASURE(1.E-8),#2960,
'DISTANCE_ACCURACY_VALUE','Maximum Tolerance applied to model');
#2949=UNCERTAINTY_MEASURE_WITH_UNIT(LENGTH_MEASURE(1.E-8),#2961,
'DISTANCE_ACCURACY_VALUE','Maximum Tolerance applied to model');
#2950=UNCERTAINTY_MEASURE_WITH_UNIT(LENGTH_MEASURE(1.E-8),#2962,
'DISTANCE_ACCURACY_VALUE','Maximum Tolerance applied to model');
#2951=UNCERTAINTY_MEASURE_WITH_UNIT(LENGTH_MEASURE(1.E-8),#2963,
'DISTANCE_ACCURACY_VALUE','Maximum Tolerance applied to model');
#2952=(
NAMED_UNIT(*)
SI_UNIT($,.STERADIAN.)
SOLID_ANGLE_UNIT()
);
#2953=(
NAMED_UNIT(*)
SI_UNIT($,.STERADIAN.)
SOLID_ANGLE_UNIT()
);
#2954=(
NAMED_UNIT(*)
SI_UNIT($,.STERADIAN.)
SOLID_ANGLE_UNIT()
);
#2955=(
NAMED_UNIT(*)
SI_UNIT($,.STERADIAN.)
SOLID_ANGLE_UNIT()
);
#2956=(
NAMED_UNIT(*)
PLANE_ANGLE_UNIT()
SI_UNIT($,.RADIAN.)
);
#2957=(
NAMED_UNIT(*)
PLANE_ANGLE_UNIT()
SI_UNIT($,.RADIAN.)
);
#2958=(
NAMED_UNIT(*)
PLANE_ANGLE_UNIT()
SI_UNIT($,.RADIAN.)
);
#2959=(
NAMED_UNIT(*)
PLANE_ANGLE_UNIT()
SI_UNIT($,.RADIAN.)
);
#2960=(
LENGTH_UNIT()
NAMED_UNIT(*)
SI_UNIT($,.METRE.)
);
#2961=(
LENGTH_UNIT()
NAMED_UNIT(*)
SI_UNIT($,.METRE.)
);
#2962=(
LENGTH_UNIT()
NAMED_UNIT(*)
SI_UNIT($,.METRE.)
);
#2963=(
LENGTH_UNIT()
NAMED_UNIT(*)
SI_UNIT($,.METRE.)
);
#2964=PRODUCT_DEFINITION_SHAPE('','',#2968);
#2965=PRODUCT_DEFINITION_SHAPE('','',#2969);
#2966=PRODUCT_DEFINITION_SHAPE('','',#2970);
#2967=PRODUCT_DEFINITION_SHAPE('','',#2971);
#2968=PRODUCT_DEFINITION('','',#2976,#2972);
#2969=PRODUCT_DEFINITION('','',#2977,#2973);
#2970=PRODUCT_DEFINITION('','',#2978,#2974);
#2971=PRODUCT_DEFINITION('','',#2979,#2975);
#2972=PRODUCT_DEFINITION_CONTEXT('',#3000,'design');
#2973=PRODUCT_DEFINITION_CONTEXT('',#3001,'design');
#2974=PRODUCT_DEFINITION_CONTEXT('',#3002,'design');
#2975=PRODUCT_DEFINITION_CONTEXT('',#3003,'design');
#2976=PRODUCT_DEFINITION_FORMATION_WITH_SPECIFIED_SOURCE('','',#2984,
 .NOT_KNOWN.);
#2977=PRODUCT_DEFINITION_FORMATION_WITH_SPECIFIED_SOURCE('','',#2985,
 .NOT_KNOWN.);
#2978=PRODUCT_DEFINITION_FORMATION_WITH_SPECIFIED_SOURCE('','',#2986,
 .NOT_KNOWN.);
#2979=PRODUCT_DEFINITION_FORMATION_WITH_SPECIFIED_SOURCE('','',#2987,
 .NOT_KNOWN.);
#2980=PRODUCT_RELATED_PRODUCT_CATEGORY('','',(#2984));
#2981=PRODUCT_RELATED_PRODUCT_CATEGORY('','',(#2985));
#2982=PRODUCT_RELATED_PRODUCT_CATEGORY('','',(#2986));
#2983=PRODUCT_RELATED_PRODUCT_CATEGORY('','',(#2987));
#2984=PRODUCT('Lid','Lid','Lid',(#2992));
#2985=PRODUCT('CenterPlate','CenterPlate','CenterPlate',(#2993));
#2986=PRODUCT('Enclosure','Enclosure','Enclosure',(#2994));
#2987=PRODUCT('Camera Mount','Camera Mount','Camera Mount',(#2995));
#2988=PRODUCT_CATEGORY('','');
#2989=PRODUCT_CATEGORY('','');
#2990=PRODUCT_CATEGORY('','');
#2991=PRODUCT_CATEGORY('','');
#2992=PRODUCT_CONTEXT('',#3000,'mechanical');
#2993=PRODUCT_CONTEXT('',#3001,'mechanical');
#2994=PRODUCT_CONTEXT('',#3002,'mechanical');
#2995=PRODUCT_CONTEXT('',#3003,'mechanical');
#2996=APPLICATION_PROTOCOL_DEFINITION('international standard',
'ap242_managed_model_based_3d_engineering',2020,#3000);
#2997=APPLICATION_PROTOCOL_DEFINITION('international standard',
'ap242_managed_model_based_3d_engineering',2020,#3001);
#2998=APPLICATION_PROTOCOL_DEFINITION('international standard',
'ap242_managed_model_based_3d_engineering',2020,#3002);
#2999=APPLICATION_PROTOCOL_DEFINITION('international standard',
'ap242_managed_model_based_3d_engineering',2020,#3003);
#3000=APPLICATION_CONTEXT('managed model based 3d engineering');
#3001=APPLICATION_CONTEXT('managed model based 3d engineering');
#3002=APPLICATION_CONTEXT('managed model based 3d engineering');
#3003=APPLICATION_CONTEXT('managed model based 3d engineering');
ENDSEC;
END-ISO-10303-21;
